battery_id,capacity_kwh,health_status,charge_level,last_replacement_date,last_updated
1,75.51,replace soon,51.44,2025-04-13,2025-04-08 09:02:59
2,92.55,good,70.32,2025-04-12,2025-04-07 20:52:09
3,90.47,degraded,88.79,2025-04-03,2025-04-11 23:46:59
4,89.83,degraded,76.53,2025-04-05,2025-04-05 23:17:03
5,92.22,good,40.2,2025-04-09,2025-04-15 22:01:52
6,99.52,good,44.14,2025-04-15,2025-04-02 05:18:11
7,80.27,good,67.16,2025-04-15,2025-04-17 23:03:24
8,96.89,good,79.57,2025-04-15,2025-04-04 23:16:37
9,87.24,degraded,91.73,2025-04-14,2025-04-06 12:25:17
10,92.54,good,72.37,2025-04-15,2025-04-01 14:49:24
11,94.52,replace soon,68.22,2025-04-14,2025-04-14 18:57:03
12,99.71,replace soon,96.35,2025-04-11,2025-04-08 03:54:39
13,94.76,degraded,30.33,2025-04-01,2025-04-04 23:18:44
14,93.89,replace soon,39.86,2025-04-17,2025-04-04 18:39:41
15,92.13,replace soon,38.95,2025-04-03,2025-04-07 11:21:19
16,83.57,degraded,61.15,2025-04-02,2025-04-03 03:43:17
17,76.74,replace soon,38.77,2025-04-06,2025-04-11 22:24:35
18,79.05,good,51.01,2025-04-08,2025-04-01 16:42:03
19,97.45,good,81.54,2025-04-02,2025-04-11 09:33:32
20,81.97,replace soon,71.18,2025-04-04,2025-04-02 23:27:18
21,75.09,replace soon,67.75,2025-04-12,2025-04-03 05:45:45
22,96.7,good,35.31,2025-04-01,2025-04-17 21:31:02
23,85.88,replace soon,37.14,2025-04-08,2025-04-08 04:58:15
24,93.64,good,82.83,2025-04-03,2025-04-16 09:55:26
25,96.02,good,79.1,2025-04-04,2025-04-14 14:53:42
26,96.4,good,85.13,2025-04-09,2025-04-14 05:55:19
27,90.36,degraded,37.23,2025-04-03,2025-04-07 17:39:00
28,92.4,replace soon,32.4,2025-04-13,2025-04-08 03:05:11
29,94.31,replace soon,81.65,2025-04-06,2025-04-03 15:23:36
30,88.11,good,70.66,2025-04-02,2025-04-07 03:09:57
31,84.15,replace soon,91.97,2025-04-02,2025-04-02 22:06:11
32,80.27,good,88.13,2025-04-01,2025-04-09 09:01:11
33,93.91,replace soon,35.73,2025-04-13,2025-04-17 09:22:05
34,76.48,replace soon,76.34,2025-04-02,2025-04-09 12:00:29
35,94.51,replace soon,38.6,2025-04-09,2025-04-06 02:32:35
36,87.24,good,85.71,2025-04-05,2025-04-11 09:20:30
37,77.02,replace soon,82.09,2025-04-13,2025-04-08 08:51:26
38,78.07,good,59.99,2025-04-10,2025-04-17 22:52:27
39,80.3,replace soon,65.25,2025-04-13,2025-04-01 06:52:07
40,95.7,replace soon,69.16,2025-04-14,2025-04-10 05:22:16
41,81.44,replace soon,44.71,2025-04-08,2025-04-14 20:14:48
42,82.16,replace soon,75.24,2025-04-01,2025-04-10 22:04:57
43,79.86,good,77.49,2025-04-11,2025-04-10 06:41:56
44,78.9,degraded,65.89,2025-04-10,2025-04-02 07:48:09
45,87.53,good,74.05,2025-04-05,2025-04-02 01:03:08
46,91.77,good,77.37,2025-04-10,2025-04-15 07:28:07
47,99.63,degraded,76.86,2025-04-07,2025-04-03 02:58:56
48,91.51,replace soon,65.85,2025-04-13,2025-04-12 05:14:29
49,78.67,degraded,93.54,2025-04-10,2025-04-05 16:16:13
50,82.52,good,60.63,2025-04-17,2025-04-07 16:53:57
51,82.14,degraded,85.16,2025-04-09,2025-04-05 20:29:29
52,92.5,replace soon,64.2,2025-04-02,2025-04-04 19:17:57
53,83.0,good,65.29,2025-04-17,2025-04-05 04:25:03
54,85.22,replace soon,96.24,2025-04-09,2025-04-14 18:02:58
55,83.1,replace soon,91.49,2025-04-09,2025-04-07 20:16:52
56,91.94,degraded,54.57,2025-04-14,2025-04-05 22:49:49
57,78.27,good,93.84,2025-04-05,2025-04-17 05:32:44
58,96.54,replace soon,49.92,2025-04-16,2025-04-06 10:21:54
59,80.85,replace soon,67.06,2025-04-12,2025-04-11 02:47:10
60,78.34,good,74.12,2025-04-14,2025-04-08 03:50:25
61,80.98,degraded,69.47,2025-04-17,2025-04-16 07:00:33
62,96.0,degraded,84.98,2025-04-14,2025-04-05 22:46:45
63,88.67,replace soon,62.5,2025-04-10,2025-04-04 08:33:43
64,92.7,good,94.28,2025-04-10,2025-04-05 11:00:47
65,83.4,degraded,92.0,2025-04-10,2025-04-14 15:13:29
66,84.25,replace soon,43.16,2025-04-10,2025-04-17 22:52:25
67,91.25,replace soon,77.86,2025-04-02,2025-04-16 11:05:16
68,93.75,good,55.9,2025-04-05,2025-04-17 22:02:42
69,83.25,good,59.88,2025-04-07,2025-04-01 13:31:53
70,78.18,degraded,54.88,2025-04-01,2025-04-16 15:35:32
71,93.95,degraded,55.53,2025-04-01,2025-04-04 04:52:06
72,94.45,replace soon,67.75,2025-04-02,2025-04-01 10:35:29
73,97.96,replace soon,76.41,2025-04-05,2025-04-17 08:16:43
74,81.99,good,89.54,2025-04-17,2025-04-09 02:45:40
75,84.1,good,68.83,2025-04-04,2025-04-07 01:40:13
76,79.65,good,97.34,2025-04-11,2025-04-15 13:33:17
77,96.83,degraded,67.7,2025-04-12,2025-04-05 21:26:57
78,84.94,good,49.12,2025-04-03,2025-04-14 12:54:43
79,77.27,replace soon,30.74,2025-04-12,2025-04-05 00:35:14
80,78.7,replace soon,69.93,2025-04-04,2025-04-04 06:13:02
81,90.4,replace soon,51.32,2025-04-10,2025-04-17 06:00:58
82,83.56,degraded,56.59,2025-04-04,2025-04-08 12:15:33
83,91.81,good,70.19,2025-04-15,2025-04-11 22:45:19
84,99.29,degraded,58.78,2025-04-03,2025-04-03 18:51:12
85,85.56,replace soon,44.17,2025-04-11,2025-04-09 20:05:40
86,98.62,good,96.16,2025-04-15,2025-04-09 09:52:55
87,77.25,degraded,85.52,2025-04-11,2025-04-13 16:56:27
88,75.34,replace soon,80.62,2025-04-01,2025-04-02 10:17:58
89,98.91,good,34.21,2025-04-16,2025-04-16 01:01:27
90,78.11,replace soon,95.83,2025-04-01,2025-04-09 11:58:09
91,82.24,good,96.31,2025-04-11,2025-04-16 15:11:57
92,87.77,replace soon,71.88,2025-04-04,2025-04-11 17:07:59
93,94.76,degraded,35.81,2025-04-13,2025-04-07 23:28:44
94,88.3,good,42.36,2025-04-03,2025-04-04 21:05:09
95,86.55,replace soon,71.2,2025-04-06,2025-04-02 11:21:37
96,95.76,degraded,80.36,2025-04-14,2025-04-15 01:10:17
97,78.76,replace soon,89.19,2025-04-03,2025-04-03 02:52:07
98,93.42,replace soon,78.18,2025-04-08,2025-04-06 01:52:56
99,87.01,degraded,92.58,2025-04-07,2025-04-14 10:44:23
100,99.82,good,52.96,2025-04-06,2025-04-10 00:44:30
101,76.83,degraded,60.16,2025-04-14,2025-04-17 15:24:00
102,79.53,good,73.93,2025-04-05,2025-04-10 05:10:27
103,82.5,replace soon,46.32,2025-04-16,2025-04-01 08:08:19
104,78.95,replace soon,61.09,2025-04-05,2025-04-11 09:16:28
105,92.77,good,38.64,2025-04-10,2025-04-02 15:43:13
106,83.39,replace soon,59.11,2025-04-07,2025-04-04 04:52:49
107,85.76,good,33.33,2025-04-13,2025-04-14 16:05:37
108,85.03,replace soon,63.51,2025-04-08,2025-04-06 11:49:42
109,83.72,replace soon,87.17,2025-04-01,2025-04-11 16:46:52
110,80.27,good,43.41,2025-04-04,2025-04-09 17:07:11
111,93.58,degraded,58.75,2025-04-11,2025-04-10 09:32:38
112,91.81,replace soon,31.1,2025-04-07,2025-04-11 15:37:59
113,77.25,good,89.17,2025-04-17,2025-04-14 16:13:54
114,97.48,good,35.2,2025-04-08,2025-04-08 14:34:19
115,89.31,good,64.05,2025-04-13,2025-04-13 10:58:43
116,87.47,replace soon,92.68,2025-04-11,2025-04-05 00:34:14
117,96.95,good,95.97,2025-04-04,2025-04-10 11:40:19
118,92.23,good,62.34,2025-04-15,2025-04-04 07:15:01
119,85.69,degraded,55.08,2025-04-07,2025-04-02 08:39:53
120,84.83,degraded,87.35,2025-04-03,2025-04-15 15:43:05
121,77.63,replace soon,73.49,2025-04-08,2025-04-15 00:15:19
122,76.19,good,56.57,2025-04-03,2025-04-03 17:45:33
123,93.74,degraded,41.87,2025-04-05,2025-04-13 15:46:25
124,99.9,replace soon,92.52,2025-04-10,2025-04-09 23:17:03
125,85.91,good,91.79,2025-04-02,2025-04-17 20:44:36
126,75.22,good,70.51,2025-04-15,2025-04-17 15:39:54
127,79.39,good,39.09,2025-04-11,2025-04-14 00:50:17
128,95.94,degraded,35.29,2025-04-09,2025-04-17 16:33:07
129,81.77,degraded,88.18,2025-04-04,2025-04-01 14:13:33
130,75.64,good,33.89,2025-04-17,2025-04-10 05:14:55
131,77.47,degraded,71.49,2025-04-09,2025-04-06 13:17:18
132,92.35,replace soon,84.84,2025-04-15,2025-04-03 02:09:45
133,92.29,degraded,86.41,2025-04-17,2025-04-15 05:08:28
134,78.71,replace soon,32.44,2025-04-05,2025-04-17 04:33:13
135,75.92,good,86.42,2025-04-17,2025-04-11 13:57:47
136,75.16,replace soon,57.03,2025-04-04,2025-04-12 20:39:45
137,97.93,replace soon,76.83,2025-04-01,2025-04-10 12:46:32
138,84.44,replace soon,65.44,2025-04-14,2025-04-01 10:14:33
139,99.99,degraded,92.59,2025-04-14,2025-04-06 09:18:28
140,90.22,degraded,32.52,2025-04-17,2025-04-15 16:24:19
141,91.9,degraded,84.07,2025-04-10,2025-04-06 07:11:27
142,77.86,replace soon,64.3,2025-04-14,2025-04-16 09:20:17
143,99.41,good,70.06,2025-04-02,2025-04-11 06:07:54
144,83.66,replace soon,36.56,2025-04-11,2025-04-08 10:18:41
145,86.26,replace soon,40.04,2025-04-17,2025-04-08 09:00:17
146,83.75,good,62.11,2025-04-07,2025-04-07 18:10:42
147,95.18,replace soon,68.89,2025-04-13,2025-04-10 19:19:08
148,81.5,replace soon,61.34,2025-04-04,2025-04-17 11:17:15
149,95.78,replace soon,65.3,2025-04-09,2025-04-02 16:52:40
150,82.25,degraded,37.51,2025-04-03,2025-04-03 19:41:49
151,86.49,replace soon,89.5,2025-04-16,2025-04-16 02:20:24
152,94.75,good,51.27,2025-04-16,2025-04-04 03:46:26
153,80.16,good,43.99,2025-04-13,2025-04-07 16:38:20
154,77.01,good,37.06,2025-04-08,2025-04-05 21:13:55
155,81.02,good,73.37,2025-04-04,2025-04-07 21:19:36
156,81.47,good,69.63,2025-04-08,2025-04-14 18:12:15
157,87.79,good,37.71,2025-04-10,2025-04-12 23:42:47
158,95.29,replace soon,55.11,2025-04-04,2025-04-07 14:37:29
159,96.67,good,55.62,2025-04-16,2025-04-08 23:31:35
160,90.41,replace soon,59.87,2025-04-05,2025-04-15 11:52:24
161,91.05,replace soon,91.51,2025-04-11,2025-04-01 12:54:34
162,90.71,good,95.95,2025-04-02,2025-04-03 16:06:20
163,97.03,good,38.21,2025-04-02,2025-04-07 03:19:03
164,77.94,good,31.64,2025-04-08,2025-04-10 17:41:14
165,91.14,good,73.33,2025-04-03,2025-04-03 03:25:46
166,80.8,replace soon,44.19,2025-04-17,2025-04-02 11:46:55
167,76.74,degraded,35.37,2025-04-07,2025-04-06 00:48:39
168,82.34,degraded,83.19,2025-04-10,2025-04-13 18:50:41
169,76.23,good,87.25,2025-04-10,2025-04-02 19:34:29
170,79.76,replace soon,75.29,2025-04-14,2025-04-10 19:06:29
171,97.81,degraded,39.53,2025-04-10,2025-04-12 08:06:07
172,79.66,good,48.06,2025-04-08,2025-04-02 20:05:55
173,85.68,degraded,74.78,2025-04-13,2025-04-17 00:59:38
174,76.64,good,39.19,2025-04-15,2025-04-01 01:52:34
175,86.3,good,95.0,2025-04-07,2025-04-13 09:17:01
176,99.57,degraded,49.81,2025-04-12,2025-04-16 17:07:39
177,99.04,degraded,35.79,2025-04-02,2025-04-13 07:53:22
178,84.41,good,70.04,2025-04-16,2025-04-14 23:24:22
179,89.67,good,53.05,2025-04-14,2025-04-05 07:04:11
180,84.06,replace soon,36.7,2025-04-05,2025-04-06 06:15:31
181,80.01,good,93.9,2025-04-01,2025-04-02 17:37:54
182,76.5,degraded,73.95,2025-04-14,2025-04-17 14:19:46
183,80.02,degraded,47.66,2025-04-06,2025-04-15 02:23:39
184,97.92,good,76.06,2025-04-17,2025-04-06 05:41:21
185,75.36,replace soon,47.68,2025-04-01,2025-04-13 17:31:02
186,79.1,degraded,50.48,2025-04-16,2025-04-02 02:38:53
187,93.64,degraded,92.17,2025-04-11,2025-04-14 08:13:10
188,77.44,replace soon,39.25,2025-04-08,2025-04-13 04:45:36
189,85.56,good,90.26,2025-04-03,2025-04-03 10:42:10
190,90.64,good,51.92,2025-04-10,2025-04-04 10:37:23
191,77.51,replace soon,52.03,2025-04-14,2025-04-14 03:33:21
192,96.34,degraded,32.22,2025-04-08,2025-04-10 04:45:44
193,78.63,degraded,92.0,2025-04-01,2025-04-16 15:07:59
194,76.47,good,76.14,2025-04-16,2025-04-05 03:12:10
195,97.59,degraded,67.11,2025-04-02,2025-04-13 05:49:07
196,77.72,replace soon,86.1,2025-04-09,2025-04-14 17:27:00
197,98.56,degraded,59.43,2025-04-11,2025-04-04 01:38:34
198,80.01,good,38.15,2025-04-08,2025-04-05 08:05:59
199,80.03,good,36.83,2025-04-14,2025-04-03 08:58:30
200,99.15,degraded,77.26,2025-04-08,2025-04-13 07:39:47
201,78.07,replace soon,64.53,2025-04-16,2025-04-15 22:19:57
202,95.15,degraded,39.47,2025-04-05,2025-04-11 12:34:39
203,76.18,replace soon,67.25,2025-04-06,2025-04-15 02:51:53
204,81.11,good,43.21,2025-04-01,2025-04-04 00:00:49
205,87.83,replace soon,60.96,2025-04-02,2025-04-12 07:50:14
206,78.93,degraded,87.64,2025-04-02,2025-04-16 23:26:21
207,94.75,replace soon,91.66,2025-04-10,2025-04-03 02:39:29
208,97.19,good,73.48,2025-04-14,2025-04-03 10:38:17
209,80.86,replace soon,83.32,2025-04-07,2025-04-03 08:33:12
210,90.67,degraded,49.19,2025-04-03,2025-04-01 09:32:10
211,84.83,replace soon,81.32,2025-04-03,2025-04-12 19:29:24
212,93.55,degraded,84.69,2025-04-16,2025-04-05 06:24:25
213,97.96,replace soon,71.34,2025-04-17,2025-04-12 06:24:47
214,93.97,good,68.8,2025-04-16,2025-04-04 23:22:15
215,85.65,replace soon,62.06,2025-04-14,2025-04-17 07:57:50
216,95.15,replace soon,60.12,2025-04-09,2025-04-03 16:02:17
217,90.65,good,97.31,2025-04-01,2025-04-06 21:49:33
218,78.92,replace soon,90.49,2025-04-10,2025-04-03 01:44:28
219,98.99,degraded,51.31,2025-04-08,2025-04-15 22:18:40
220,88.41,degraded,58.08,2025-04-16,2025-04-09 14:03:24
221,94.86,replace soon,65.39,2025-04-17,2025-04-15 05:08:59
222,94.6,degraded,56.0,2025-04-17,2025-04-04 17:34:38
223,91.14,degraded,73.36,2025-04-07,2025-04-08 00:31:15
224,85.74,good,36.62,2025-04-15,2025-04-08 13:10:35
225,83.14,good,51.09,2025-04-11,2025-04-16 11:40:25
226,83.9,good,40.94,2025-04-05,2025-04-08 08:05:30
227,79.71,good,70.7,2025-04-08,2025-04-10 03:25:59
228,79.16,degraded,83.0,2025-04-17,2025-04-14 07:44:19
229,84.42,replace soon,38.06,2025-04-13,2025-04-03 09:20:07
230,75.6,degraded,60.96,2025-04-03,2025-04-11 23:34:40
231,86.3,good,94.68,2025-04-11,2025-04-08 07:32:50
232,82.79,degraded,88.64,2025-04-14,2025-04-14 21:15:17
233,82.34,replace soon,80.56,2025-04-14,2025-04-03 22:23:01
234,94.63,good,88.19,2025-04-08,2025-04-07 05:31:10
235,90.2,replace soon,89.95,2025-04-11,2025-04-08 10:38:14
236,90.51,good,92.53,2025-04-13,2025-04-10 19:13:14
237,96.98,degraded,38.4,2025-04-03,2025-04-09 01:46:09
238,86.9,replace soon,92.27,2025-04-03,2025-04-10 07:37:05
239,94.58,degraded,59.08,2025-04-11,2025-04-13 05:07:03
240,88.59,degraded,72.87,2025-04-17,2025-04-08 00:10:04
241,96.58,replace soon,52.75,2025-04-09,2025-04-02 01:39:54
242,99.98,replace soon,78.66,2025-04-14,2025-04-17 12:36:17
243,75.73,replace soon,50.75,2025-04-06,2025-04-02 02:23:58
244,81.72,good,53.77,2025-04-17,2025-04-11 16:39:16
245,79.45,replace soon,31.14,2025-04-16,2025-04-15 00:11:06
246,99.58,replace soon,82.95,2025-04-03,2025-04-16 17:21:57
247,97.24,replace soon,99.51,2025-04-10,2025-04-12 11:37:10
248,75.1,replace soon,91.61,2025-04-05,2025-04-03 19:18:37
249,77.78,degraded,83.07,2025-04-12,2025-04-11 01:39:51
250,80.85,good,91.8,2025-04-11,2025-04-04 03:35:34
251,75.68,replace soon,60.16,2025-04-10,2025-04-07 12:19:03
252,81.11,degraded,47.83,2025-04-17,2025-04-04 23:20:39
253,87.71,replace soon,92.98,2025-04-03,2025-04-01 04:17:03
254,92.81,degraded,37.47,2025-04-13,2025-04-13 11:44:57
255,90.23,replace soon,87.59,2025-04-01,2025-04-08 02:20:41
256,87.43,good,95.35,2025-04-07,2025-04-10 01:17:27
257,79.56,replace soon,99.57,2025-04-14,2025-04-12 18:35:07
258,91.68,replace soon,56.0,2025-04-06,2025-04-02 06:12:13
259,91.13,degraded,92.98,2025-04-12,2025-04-01 01:25:27
260,84.43,replace soon,34.65,2025-04-12,2025-04-10 23:26:42
261,89.59,degraded,85.88,2025-04-17,2025-04-04 15:28:44
262,86.7,replace soon,34.77,2025-04-02,2025-04-14 11:13:12
263,84.57,degraded,48.63,2025-04-11,2025-04-13 08:51:56
264,89.07,degraded,35.3,2025-04-01,2025-04-13 23:22:29
265,77.24,good,86.72,2025-04-05,2025-04-06 06:47:56
266,98.01,degraded,63.93,2025-04-06,2025-04-03 17:37:29
267,94.04,good,56.1,2025-04-03,2025-04-07 22:32:24
268,96.96,replace soon,97.57,2025-04-06,2025-04-08 17:28:35
269,80.02,degraded,58.23,2025-04-13,2025-04-04 03:44:30
270,81.45,degraded,31.47,2025-04-07,2025-04-14 20:47:08
271,88.1,replace soon,97.6,2025-04-15,2025-04-17 01:19:14
272,80.87,replace soon,69.74,2025-04-03,2025-04-09 07:44:23
273,93.14,replace soon,33.36,2025-04-14,2025-04-14 07:59:18
274,77.45,replace soon,30.81,2025-04-17,2025-04-06 11:51:07
275,81.42,good,33.52,2025-04-10,2025-04-17 14:52:32
276,94.7,good,40.84,2025-04-08,2025-04-08 01:37:06
277,95.39,replace soon,35.95,2025-04-04,2025-04-05 03:01:24
278,92.75,degraded,37.78,2025-04-15,2025-04-07 02:43:57
279,80.21,degraded,90.37,2025-04-07,2025-04-14 06:42:00
280,78.79,degraded,69.46,2025-04-08,2025-04-09 21:09:00
281,79.22,degraded,42.58,2025-04-17,2025-04-17 10:34:35
282,99.35,replace soon,79.68,2025-04-02,2025-04-05 22:48:42
283,98.04,good,90.98,2025-04-06,2025-04-15 14:00:25
284,96.74,replace soon,92.43,2025-04-16,2025-04-02 05:29:07
285,84.04,degraded,40.4,2025-04-12,2025-04-10 12:12:00
286,76.29,degraded,42.05,2025-04-10,2025-04-03 08:40:43
287,93.87,degraded,37.73,2025-04-09,2025-04-03 20:53:29
288,98.91,good,85.38,2025-04-07,2025-04-05 08:16:27
289,84.76,good,71.5,2025-04-17,2025-04-12 14:50:48
290,81.14,replace soon,40.89,2025-04-08,2025-04-01 10:56:09
291,77.52,degraded,78.72,2025-04-17,2025-04-02 23:53:46
292,79.04,replace soon,84.16,2025-04-09,2025-04-12 07:24:25
293,91.74,replace soon,77.75,2025-04-06,2025-04-13 17:10:39
294,77.07,good,32.59,2025-04-07,2025-04-02 02:18:07
295,86.79,replace soon,39.3,2025-04-13,2025-04-02 10:59:48
296,78.91,good,52.83,2025-04-08,2025-04-05 00:54:15
297,82.01,good,35.69,2025-04-08,2025-04-13 13:25:49
298,93.61,good,46.27,2025-04-06,2025-04-06 07:57:20
299,77.82,good,84.77,2025-04-04,2025-04-01 02:21:58
300,75.68,degraded,75.49,2025-04-10,2025-04-08 08:54:12
301,81.61,degraded,53.48,2025-04-13,2025-04-05 07:05:33
302,84.97,replace soon,96.32,2025-04-04,2025-04-04 00:40:09
303,84.73,good,60.85,2025-04-07,2025-04-17 16:06:28
304,80.25,replace soon,31.53,2025-04-06,2025-04-13 14:43:36
305,89.66,degraded,74.0,2025-04-16,2025-04-07 06:17:35
306,83.96,degraded,50.09,2025-04-10,2025-04-13 01:54:12
307,96.54,degraded,76.23,2025-04-13,2025-04-12 08:24:13
308,82.64,degraded,30.7,2025-04-05,2025-04-04 01:23:30
309,85.42,good,50.34,2025-04-04,2025-04-07 06:48:08
310,99.63,replace soon,48.36,2025-04-09,2025-04-04 15:25:08
311,82.25,replace soon,74.29,2025-04-03,2025-04-02 06:10:55
312,98.38,replace soon,52.23,2025-04-01,2025-04-13 13:10:48
313,92.38,degraded,90.76,2025-04-04,2025-04-15 04:10:05
314,83.47,good,98.53,2025-04-15,2025-04-14 02:01:00
315,97.1,good,89.72,2025-04-06,2025-04-07 19:25:38
316,98.69,good,82.81,2025-04-14,2025-04-13 23:10:18
317,80.6,good,82.92,2025-04-12,2025-04-17 23:37:28
318,86.25,replace soon,38.62,2025-04-16,2025-04-15 21:18:00
319,80.83,replace soon,44.41,2025-04-01,2025-04-09 23:22:47
320,83.57,good,77.82,2025-04-04,2025-04-17 22:27:36
321,98.3,degraded,71.08,2025-04-10,2025-04-05 15:34:02
322,93.08,good,66.04,2025-04-01,2025-04-09 13:25:52
323,78.44,replace soon,42.83,2025-04-10,2025-04-16 23:39:58
324,82.42,replace soon,71.9,2025-04-12,2025-04-16 08:32:32
325,86.5,degraded,54.73,2025-04-04,2025-04-06 18:01:54
326,88.89,good,60.68,2025-04-15,2025-04-06 17:14:15
327,83.92,good,99.21,2025-04-14,2025-04-01 23:44:54
328,85.12,replace soon,34.37,2025-04-09,2025-04-08 19:17:59
329,92.51,good,52.84,2025-04-04,2025-04-16 16:16:27
330,96.16,replace soon,69.31,2025-04-02,2025-04-12 19:42:59
331,88.58,degraded,49.33,2025-04-05,2025-04-13 16:55:59
332,91.14,replace soon,75.03,2025-04-16,2025-04-09 19:32:52
333,90.77,degraded,80.59,2025-04-12,2025-04-09 10:00:35
334,99.02,replace soon,98.97,2025-04-11,2025-04-09 00:48:41
335,81.74,replace soon,45.23,2025-04-07,2025-04-15 02:46:05
336,88.31,degraded,80.32,2025-04-07,2025-04-05 02:53:20
337,86.38,replace soon,70.19,2025-04-01,2025-04-11 01:12:19
338,83.86,replace soon,51.97,2025-04-10,2025-04-07 22:51:24
339,79.21,degraded,48.69,2025-04-03,2025-04-16 05:50:27
340,75.58,degraded,50.68,2025-04-05,2025-04-16 17:47:18
341,91.2,replace soon,96.82,2025-04-17,2025-04-17 08:02:04
342,91.2,replace soon,44.17,2025-04-10,2025-04-10 09:17:58
343,75.85,good,47.33,2025-04-06,2025-04-13 06:43:06
344,79.17,replace soon,62.29,2025-04-07,2025-04-06 18:41:22
345,90.7,replace soon,92.43,2025-04-10,2025-04-11 18:58:37
346,86.26,good,91.46,2025-04-02,2025-04-07 09:28:55
347,92.12,replace soon,60.09,2025-04-09,2025-04-16 12:32:28
348,81.34,degraded,81.27,2025-04-02,2025-04-13 16:33:00
349,97.55,good,80.47,2025-04-12,2025-04-15 23:45:07
350,75.02,replace soon,89.19,2025-04-13,2025-04-10 14:15:54
351,83.59,degraded,83.75,2025-04-09,2025-04-14 13:54:52
352,84.34,degraded,48.62,2025-04-01,2025-04-07 22:08:32
353,92.82,replace soon,95.71,2025-04-17,2025-04-06 05:59:21
354,86.12,good,33.25,2025-04-02,2025-04-10 18:47:22
355,85.4,replace soon,86.46,2025-04-09,2025-04-12 18:58:47
356,97.99,replace soon,61.07,2025-04-07,2025-04-06 21:41:48
357,77.41,degraded,42.48,2025-04-13,2025-04-03 11:31:32
358,97.5,degraded,70.57,2025-04-12,2025-04-03 01:28:20
359,92.89,replace soon,43.47,2025-04-08,2025-04-13 04:26:22
360,89.47,good,59.05,2025-04-14,2025-04-14 17:56:46
361,83.78,degraded,58.47,2025-04-09,2025-04-07 17:27:40
362,98.67,good,37.27,2025-04-13,2025-04-01 22:46:24
363,92.75,good,39.35,2025-04-17,2025-04-12 07:25:50
364,88.12,replace soon,89.86,2025-04-06,2025-04-13 06:12:26
365,77.04,degraded,88.28,2025-04-11,2025-04-14 03:10:08
366,86.9,replace soon,50.0,2025-04-01,2025-04-09 23:41:46
367,95.4,replace soon,98.32,2025-04-10,2025-04-06 20:14:24
368,86.02,degraded,64.42,2025-04-14,2025-04-11 01:57:53
369,93.66,degraded,36.45,2025-04-12,2025-04-12 19:28:38
370,75.15,good,62.61,2025-04-07,2025-04-15 18:33:09
371,86.02,degraded,46.06,2025-04-11,2025-04-16 06:38:38
372,84.38,degraded,97.89,2025-04-05,2025-04-08 18:11:55
373,96.44,replace soon,70.99,2025-04-17,2025-04-13 05:05:31
374,99.82,degraded,52.8,2025-04-01,2025-04-11 22:19:36
375,86.0,degraded,64.58,2025-04-14,2025-04-16 23:09:50
376,83.21,degraded,91.85,2025-04-11,2025-04-11 12:22:16
377,92.19,degraded,90.68,2025-04-01,2025-04-08 06:06:54
378,92.77,degraded,97.99,2025-04-09,2025-04-08 12:55:19
379,77.47,replace soon,60.3,2025-04-10,2025-04-12 15:32:44
380,92.11,degraded,38.44,2025-04-14,2025-04-07 17:20:36
381,93.95,good,69.68,2025-04-16,2025-04-17 16:50:24
382,94.04,good,63.13,2025-04-01,2025-04-03 02:06:37
383,77.36,replace soon,79.01,2025-04-04,2025-04-16 10:55:38
384,83.13,replace soon,82.24,2025-04-09,2025-04-11 08:32:27
385,95.54,good,51.21,2025-04-17,2025-04-08 13:34:42
386,92.55,good,66.88,2025-04-10,2025-04-14 11:54:48
387,89.68,degraded,68.72,2025-04-04,2025-04-08 06:08:54
388,75.86,degraded,44.93,2025-04-12,2025-04-04 16:32:04
389,82.82,good,56.42,2025-04-17,2025-04-12 15:34:13
390,77.21,replace soon,88.6,2025-04-17,2025-04-15 17:32:33
391,80.03,good,75.49,2025-04-10,2025-04-06 18:52:20
392,86.9,replace soon,45.87,2025-04-08,2025-04-15 09:35:59
393,90.92,good,41.54,2025-04-01,2025-04-08 04:14:22
394,85.55,good,32.28,2025-04-14,2025-04-14 01:05:05
395,98.77,good,30.91,2025-04-09,2025-04-03 12:03:55
396,95.56,good,84.95,2025-04-13,2025-04-06 06:38:48
397,86.51,replace soon,36.33,2025-04-13,2025-04-11 08:22:01
398,76.99,replace soon,88.5,2025-04-01,2025-04-05 01:05:29
399,82.36,replace soon,36.82,2025-04-01,2025-04-08 08:55:05
400,87.83,replace soon,74.52,2025-04-14,2025-04-09 11:15:00
401,82.69,replace soon,91.17,2025-04-14,2025-04-01 08:45:04
402,87.02,degraded,92.6,2025-04-12,2025-04-13 03:58:34
403,75.64,degraded,74.77,2025-04-04,2025-04-11 21:07:49
404,96.39,replace soon,32.82,2025-04-11,2025-04-14 21:23:01
405,80.93,degraded,93.13,2025-04-13,2025-04-03 00:34:48
406,80.28,degraded,84.39,2025-04-16,2025-04-01 14:08:09
407,78.26,degraded,47.96,2025-04-09,2025-04-13 06:51:01
408,84.08,replace soon,64.06,2025-04-14,2025-04-02 19:09:11
409,89.96,good,40.08,2025-04-14,2025-04-08 20:00:56
410,78.93,good,88.85,2025-04-13,2025-04-17 00:53:54
411,95.64,good,82.18,2025-04-15,2025-04-04 12:14:11
412,79.04,degraded,39.1,2025-04-17,2025-04-02 20:09:24
413,84.37,replace soon,42.93,2025-04-05,2025-04-07 15:03:23
414,88.7,degraded,35.07,2025-04-16,2025-04-01 15:31:43
415,80.57,replace soon,82.07,2025-04-15,2025-04-04 12:02:12
416,82.81,replace soon,50.35,2025-04-07,2025-04-01 09:39:14
417,81.43,good,89.47,2025-04-11,2025-04-15 22:06:23
418,91.49,replace soon,77.86,2025-04-09,2025-04-14 20:56:06
419,94.27,replace soon,62.79,2025-04-15,2025-04-03 05:19:42
420,86.89,degraded,49.91,2025-04-11,2025-04-02 01:58:41
421,90.81,replace soon,87.88,2025-04-09,2025-04-14 22:15:50
422,99.87,replace soon,42.06,2025-04-06,2025-04-13 01:12:29
423,76.61,good,83.33,2025-04-09,2025-04-06 03:18:03
424,95.5,good,56.74,2025-04-12,2025-04-04 00:34:00
425,81.99,degraded,40.7,2025-04-08,2025-04-12 05:17:01
426,90.67,replace soon,37.92,2025-04-14,2025-04-13 04:49:13
427,97.36,good,52.53,2025-04-08,2025-04-12 07:23:32
428,83.07,degraded,34.89,2025-04-09,2025-04-12 03:00:26
429,82.51,replace soon,95.61,2025-04-01,2025-04-14 18:05:06
430,88.51,degraded,88.83,2025-04-07,2025-04-08 18:35:52
431,82.5,degraded,40.39,2025-04-05,2025-04-08 05:00:28
432,83.56,degraded,41.57,2025-04-11,2025-04-17 06:01:04
433,86.85,good,74.49,2025-04-03,2025-04-13 23:11:25
434,75.04,replace soon,43.34,2025-04-11,2025-04-13 14:09:59
435,84.42,degraded,98.79,2025-04-05,2025-04-11 21:27:02
436,88.02,good,84.89,2025-04-10,2025-04-08 21:21:35
437,78.25,degraded,70.62,2025-04-08,2025-04-10 08:18:26
438,99.0,replace soon,59.1,2025-04-11,2025-04-08 02:57:27
439,77.27,good,51.84,2025-04-14,2025-04-01 14:17:14
440,87.35,good,40.26,2025-04-10,2025-04-10 09:46:08
441,95.32,good,55.18,2025-04-03,2025-04-15 11:05:04
442,85.16,degraded,36.57,2025-04-08,2025-04-13 03:34:15
443,93.96,good,78.93,2025-04-03,2025-04-08 21:39:12
444,89.12,replace soon,60.1,2025-04-11,2025-04-01 00:26:30
445,79.81,replace soon,91.87,2025-04-02,2025-04-07 03:22:02
446,92.38,good,76.54,2025-04-10,2025-04-04 01:06:22
447,86.49,degraded,62.01,2025-04-09,2025-04-02 21:13:12
448,78.32,replace soon,65.6,2025-04-11,2025-04-09 11:53:03
449,94.03,good,58.19,2025-04-03,2025-04-04 16:50:58
450,86.77,replace soon,91.31,2025-04-13,2025-04-07 01:15:37
451,94.01,replace soon,93.57,2025-04-03,2025-04-17 12:33:15
452,80.37,replace soon,50.02,2025-04-14,2025-04-15 01:08:25
453,85.74,good,88.0,2025-04-08,2025-04-04 06:10:11
454,79.29,good,50.32,2025-04-01,2025-04-14 09:35:36
455,89.46,replace soon,94.17,2025-04-16,2025-04-11 16:11:50
456,81.38,replace soon,99.8,2025-04-04,2025-04-10 14:26:30
457,80.67,replace soon,80.07,2025-04-07,2025-04-09 15:22:33
458,96.08,degraded,80.99,2025-04-01,2025-04-13 18:36:13
459,95.62,degraded,70.43,2025-04-04,2025-04-06 03:32:59
460,77.8,good,69.17,2025-04-07,2025-04-12 22:21:59
461,96.77,degraded,33.42,2025-04-05,2025-04-16 15:14:34
462,87.3,degraded,55.72,2025-04-05,2025-04-01 23:55:29
463,93.91,good,83.72,2025-04-02,2025-04-05 03:50:31
464,97.56,good,86.3,2025-04-09,2025-04-04 18:00:07
465,91.42,good,81.34,2025-04-01,2025-04-01 02:44:40
466,85.55,degraded,44.28,2025-04-11,2025-04-11 03:34:40
467,85.58,replace soon,75.81,2025-04-17,2025-04-13 07:09:10
468,75.61,replace soon,71.09,2025-04-12,2025-04-05 21:21:57
469,98.49,good,84.55,2025-04-17,2025-04-01 23:27:55
470,76.98,replace soon,36.24,2025-04-10,2025-04-14 08:24:19
471,78.68,degraded,78.09,2025-04-04,2025-04-15 16:35:42
472,93.7,replace soon,58.17,2025-04-08,2025-04-05 11:58:08
473,75.66,replace soon,65.95,2025-04-05,2025-04-15 05:21:16
474,96.61,replace soon,87.46,2025-04-09,2025-04-05 18:57:57
475,97.3,replace soon,80.37,2025-04-11,2025-04-16 05:16:45
476,91.42,degraded,82.91,2025-04-04,2025-04-12 12:53:07
477,94.2,replace soon,46.72,2025-04-02,2025-04-03 19:19:20
478,92.64,degraded,49.04,2025-04-08,2025-04-17 13:22:44
479,98.17,good,52.17,2025-04-10,2025-04-04 07:18:33
480,77.71,replace soon,60.97,2025-04-09,2025-04-15 03:26:15
481,75.47,good,85.83,2025-04-16,2025-04-12 07:25:46
482,89.42,good,36.2,2025-04-03,2025-04-05 03:31:52
483,94.3,replace soon,78.72,2025-04-16,2025-04-10 03:43:01
484,95.04,good,90.86,2025-04-11,2025-04-16 01:45:41
485,84.03,replace soon,44.4,2025-04-10,2025-04-06 13:59:19
486,94.3,good,38.01,2025-04-16,2025-04-03 09:26:36
487,77.56,replace soon,82.75,2025-04-07,2025-04-17 05:55:17
488,89.1,degraded,93.79,2025-04-09,2025-04-02 07:05:02
489,95.14,degraded,67.24,2025-04-07,2025-04-01 02:16:12
490,97.52,replace soon,79.94,2025-04-10,2025-04-06 06:01:56
491,84.06,replace soon,59.15,2025-04-11,2025-04-17 18:09:42
492,80.41,good,36.5,2025-04-17,2025-04-02 06:10:30
493,88.03,degraded,52.45,2025-04-08,2025-04-01 04:52:04
494,80.41,replace soon,60.41,2025-04-07,2025-04-06 05:59:36
495,80.2,replace soon,48.4,2025-04-17,2025-04-09 10:49:56
496,81.59,replace soon,37.83,2025-04-01,2025-04-15 20:08:18
497,95.32,degraded,37.78,2025-04-11,2025-04-02 07:40:08
498,79.01,good,31.83,2025-04-14,2025-04-03 05:00:07
499,80.89,good,76.08,2025-04-06,2025-04-14 17:01:29
500,96.26,degraded,83.96,2025-04-01,2025-04-02 15:00:13
501,84.16,good,89.48,2025-04-09,2025-04-09 14:32:50
502,86.54,replace soon,57.34,2025-04-02,2025-04-16 09:09:34
503,86.17,replace soon,99.58,2025-04-15,2025-04-12 18:00:45
504,84.39,replace soon,93.48,2025-04-13,2025-04-03 04:51:21
505,77.01,replace soon,68.45,2025-04-17,2025-04-06 22:06:10
506,90.95,degraded,58.01,2025-04-04,2025-04-15 08:33:11
507,92.64,degraded,98.41,2025-04-15,2025-04-11 17:19:57
508,91.58,replace soon,96.74,2025-04-05,2025-04-07 16:04:58
509,85.01,good,94.96,2025-04-08,2025-04-08 03:50:12
510,75.68,good,75.84,2025-04-15,2025-04-08 02:41:57
511,78.58,degraded,99.23,2025-04-14,2025-04-05 23:00:37
512,98.18,degraded,48.7,2025-04-07,2025-04-16 04:15:15
513,90.2,good,69.28,2025-04-17,2025-04-05 13:39:57
514,98.35,replace soon,81.22,2025-04-12,2025-04-10 13:59:48
515,84.85,degraded,60.15,2025-04-10,2025-04-02 06:09:41
516,85.17,good,88.27,2025-04-13,2025-04-15 21:16:29
517,76.77,replace soon,67.21,2025-04-14,2025-04-01 20:02:46
518,99.83,degraded,33.27,2025-04-08,2025-04-05 22:14:10
519,94.32,degraded,87.64,2025-04-03,2025-04-12 22:49:51
520,86.12,degraded,67.43,2025-04-09,2025-04-08 05:37:40
521,96.56,good,82.86,2025-04-15,2025-04-02 08:04:15
522,85.42,degraded,50.11,2025-04-12,2025-04-02 20:31:30
523,95.66,degraded,32.24,2025-04-12,2025-04-02 04:44:03
524,80.73,replace soon,81.27,2025-04-12,2025-04-08 21:48:03
525,78.18,replace soon,54.69,2025-04-09,2025-04-03 10:19:30
526,88.18,degraded,34.66,2025-04-16,2025-04-06 10:19:19
527,91.83,degraded,44.94,2025-04-01,2025-04-10 12:21:07
528,80.36,degraded,71.24,2025-04-01,2025-04-17 00:39:08
529,85.73,degraded,38.37,2025-04-13,2025-04-10 22:39:59
530,87.45,good,41.24,2025-04-13,2025-04-03 18:07:37
531,94.01,good,86.27,2025-04-06,2025-04-08 12:37:40
532,77.36,replace soon,34.8,2025-04-13,2025-04-06 15:51:11
533,76.25,good,31.8,2025-04-11,2025-04-05 12:44:36
534,95.92,good,80.79,2025-04-02,2025-04-07 19:34:50
535,92.52,replace soon,64.72,2025-04-06,2025-04-01 17:01:42
536,93.58,degraded,40.42,2025-04-05,2025-04-16 11:23:00
537,77.07,replace soon,41.02,2025-04-15,2025-04-02 18:47:18
538,94.63,degraded,40.54,2025-04-01,2025-04-03 02:28:27
539,80.59,replace soon,41.41,2025-04-08,2025-04-09 13:30:45
540,98.33,good,98.61,2025-04-17,2025-04-05 13:37:29
541,79.35,replace soon,76.7,2025-04-08,2025-04-10 19:26:03
542,83.91,degraded,82.08,2025-04-15,2025-04-09 16:45:56
543,91.14,good,44.51,2025-04-17,2025-04-10 20:49:32
544,84.77,replace soon,48.35,2025-04-02,2025-04-09 18:01:39
545,92.66,good,47.09,2025-04-09,2025-04-10 23:59:48
546,83.93,replace soon,42.15,2025-04-11,2025-04-01 22:26:24
547,92.45,replace soon,88.88,2025-04-08,2025-04-03 21:07:48
548,75.68,degraded,38.47,2025-04-01,2025-04-04 04:43:50
549,84.76,good,53.26,2025-04-14,2025-04-15 15:52:49
550,92.46,degraded,32.32,2025-04-08,2025-04-14 22:53:15
551,89.44,degraded,83.5,2025-04-07,2025-04-11 07:53:20
552,75.97,replace soon,99.39,2025-04-07,2025-04-07 02:52:01
553,89.63,replace soon,44.25,2025-04-01,2025-04-11 17:40:01
554,98.54,degraded,62.32,2025-04-05,2025-04-15 21:04:02
555,78.52,good,95.04,2025-04-13,2025-04-10 04:18:49
556,84.39,replace soon,76.71,2025-04-04,2025-04-10 15:58:38
557,81.34,replace soon,94.34,2025-04-10,2025-04-07 01:48:42
558,96.45,good,72.19,2025-04-16,2025-04-04 09:52:20
559,96.28,degraded,89.01,2025-04-05,2025-04-09 08:54:52
560,99.35,replace soon,39.67,2025-04-08,2025-04-15 07:55:31
561,88.96,replace soon,80.54,2025-04-14,2025-04-05 17:38:48
562,86.17,degraded,39.17,2025-04-03,2025-04-07 12:12:42
563,99.92,good,89.83,2025-04-09,2025-04-17 05:02:55
564,96.76,good,55.8,2025-04-02,2025-04-04 12:54:17
565,77.36,good,80.83,2025-04-05,2025-04-01 20:24:19
566,93.81,degraded,75.83,2025-04-17,2025-04-17 20:10:20
567,93.23,replace soon,79.18,2025-04-15,2025-04-14 21:39:36
568,97.3,degraded,70.14,2025-04-10,2025-04-01 01:22:04
569,97.66,replace soon,93.03,2025-04-07,2025-04-12 19:05:40
570,91.17,degraded,61.47,2025-04-05,2025-04-14 21:16:06
571,98.71,good,43.29,2025-04-14,2025-04-11 05:26:09
572,77.51,good,75.72,2025-04-03,2025-04-16 09:04:40
573,93.37,degraded,75.63,2025-04-08,2025-04-11 18:23:13
574,82.78,degraded,39.35,2025-04-15,2025-04-05 03:28:12
575,92.58,good,84.08,2025-04-16,2025-04-13 14:58:49
576,94.96,good,75.72,2025-04-13,2025-04-06 17:02:19
577,90.51,degraded,47.27,2025-04-11,2025-04-02 07:09:40
578,81.66,degraded,58.55,2025-04-08,2025-04-17 23:07:24
579,93.89,replace soon,47.17,2025-04-03,2025-04-06 15:59:24
580,85.4,replace soon,33.42,2025-04-14,2025-04-05 22:20:58
581,95.85,replace soon,88.22,2025-04-03,2025-04-15 18:25:39
582,95.16,replace soon,52.99,2025-04-14,2025-04-02 05:27:21
583,76.88,degraded,53.45,2025-04-05,2025-04-05 06:37:47
584,98.97,good,72.85,2025-04-04,2025-04-15 14:11:35
585,81.14,replace soon,98.32,2025-04-02,2025-04-14 22:53:28
586,75.61,degraded,32.84,2025-04-14,2025-04-02 02:30:49
587,92.08,good,92.56,2025-04-08,2025-04-11 12:45:07
588,80.51,good,82.91,2025-04-01,2025-04-14 21:20:43
589,87.26,replace soon,66.88,2025-04-04,2025-04-15 16:08:10
590,95.03,degraded,55.53,2025-04-11,2025-04-08 04:20:22
591,75.41,replace soon,52.82,2025-04-02,2025-04-14 20:36:47
592,86.09,replace soon,34.0,2025-04-08,2025-04-06 02:30:00
593,90.9,good,88.32,2025-04-16,2025-04-11 07:12:39
594,79.23,good,67.55,2025-04-17,2025-04-06 01:13:12
595,78.16,good,90.09,2025-04-10,2025-04-03 22:13:41
596,80.83,degraded,59.88,2025-04-09,2025-04-15 11:14:28
597,99.9,degraded,67.18,2025-04-01,2025-04-17 06:12:59
598,98.7,good,61.07,2025-04-10,2025-04-05 05:06:46
599,80.26,degraded,86.45,2025-04-12,2025-04-13 14:59:11
600,78.39,good,70.63,2025-04-17,2025-04-10 09:10:32
601,76.05,degraded,67.49,2025-04-16,2025-04-13 02:34:56
602,78.24,replace soon,37.97,2025-04-10,2025-04-14 15:18:05
603,92.51,replace soon,73.23,2025-04-06,2025-04-02 02:27:46
604,81.9,replace soon,96.73,2025-04-06,2025-04-06 01:55:19
605,99.66,replace soon,86.66,2025-04-06,2025-04-15 21:03:28
606,81.29,degraded,97.94,2025-04-07,2025-04-03 08:45:09
607,76.36,replace soon,78.28,2025-04-06,2025-04-07 12:45:58
608,77.18,good,51.62,2025-04-07,2025-04-09 22:36:41
609,87.4,degraded,32.33,2025-04-16,2025-04-08 07:54:39
610,91.81,degraded,63.19,2025-04-17,2025-04-08 01:04:16
611,95.77,replace soon,68.59,2025-04-12,2025-04-03 16:02:45
612,76.86,replace soon,46.58,2025-04-05,2025-04-06 18:16:21
613,82.35,degraded,88.63,2025-04-04,2025-04-02 14:03:38
614,79.08,replace soon,59.12,2025-04-05,2025-04-16 21:35:24
615,83.64,degraded,84.42,2025-04-13,2025-04-15 11:29:41
616,85.28,good,48.37,2025-04-09,2025-04-07 02:06:33
617,77.63,replace soon,84.44,2025-04-13,2025-04-09 02:58:18
618,91.56,replace soon,68.93,2025-04-08,2025-04-11 04:39:05
619,96.26,replace soon,48.94,2025-04-17,2025-04-02 00:37:50
620,94.59,degraded,98.04,2025-04-06,2025-04-13 17:27:43
621,79.06,replace soon,66.24,2025-04-15,2025-04-16 09:30:15
622,76.8,good,59.51,2025-04-07,2025-04-17 18:57:15
623,83.11,replace soon,98.07,2025-04-05,2025-04-08 23:06:38
624,92.55,degraded,47.92,2025-04-12,2025-04-05 00:57:20
625,81.59,good,58.26,2025-04-14,2025-04-07 03:06:50
626,84.78,degraded,41.44,2025-04-08,2025-04-06 10:23:26
627,84.11,good,84.26,2025-04-09,2025-04-02 10:35:01
628,83.72,replace soon,76.9,2025-04-03,2025-04-01 23:17:04
629,76.48,good,79.98,2025-04-08,2025-04-17 03:17:52
630,88.22,replace soon,68.04,2025-04-12,2025-04-10 03:38:39
631,84.01,good,55.46,2025-04-08,2025-04-03 11:57:20
632,87.23,degraded,81.64,2025-04-05,2025-04-02 09:37:42
633,93.23,degraded,38.37,2025-04-06,2025-04-08 19:01:13
634,81.01,good,67.96,2025-04-05,2025-04-15 15:42:12
635,87.31,good,65.02,2025-04-10,2025-04-05 03:33:17
636,88.92,good,90.43,2025-04-16,2025-04-15 19:42:16
637,83.19,replace soon,40.35,2025-04-06,2025-04-04 15:03:38
638,79.38,replace soon,68.33,2025-04-15,2025-04-14 16:59:47
639,85.6,replace soon,82.2,2025-04-13,2025-04-09 11:20:05
640,84.31,degraded,81.33,2025-04-01,2025-04-04 05:51:16
641,82.28,good,48.55,2025-04-07,2025-04-10 03:19:23
642,93.2,replace soon,78.42,2025-04-09,2025-04-11 02:04:49
643,90.76,degraded,34.8,2025-04-12,2025-04-09 10:17:37
644,94.09,good,65.91,2025-04-16,2025-04-14 10:07:21
645,75.43,replace soon,75.48,2025-04-10,2025-04-04 16:29:29
646,96.51,good,50.97,2025-04-13,2025-04-04 20:30:27
647,92.83,good,99.45,2025-04-02,2025-04-12 13:19:54
648,99.47,degraded,47.96,2025-04-02,2025-04-13 04:36:13
649,97.81,degraded,94.32,2025-04-08,2025-04-09 15:28:57
650,94.59,good,58.92,2025-04-03,2025-04-09 04:04:28
651,76.85,good,53.05,2025-04-07,2025-04-05 21:34:42
652,93.81,good,47.06,2025-04-12,2025-04-11 12:51:38
653,79.59,replace soon,92.14,2025-04-01,2025-04-16 03:44:51
654,86.07,replace soon,76.8,2025-04-10,2025-04-09 19:23:59
655,79.2,replace soon,50.74,2025-04-01,2025-04-15 13:18:45
656,88.65,good,75.73,2025-04-06,2025-04-03 19:48:28
657,76.23,degraded,57.06,2025-04-12,2025-04-02 13:28:30
658,99.11,degraded,59.57,2025-04-07,2025-04-09 19:42:31
659,97.84,replace soon,36.87,2025-04-10,2025-04-13 02:42:19
660,76.59,replace soon,61.09,2025-04-08,2025-04-11 11:23:02
661,99.35,replace soon,92.14,2025-04-17,2025-04-02 04:55:08
662,97.02,good,88.75,2025-04-13,2025-04-04 08:19:26
663,89.15,good,41.11,2025-04-10,2025-04-05 14:22:16
664,91.16,good,66.11,2025-04-06,2025-04-17 06:27:30
665,89.28,degraded,55.0,2025-04-16,2025-04-15 08:30:37
666,95.23,replace soon,61.94,2025-04-13,2025-04-05 20:18:49
667,90.06,replace soon,56.69,2025-04-11,2025-04-08 19:58:33
668,77.04,replace soon,91.5,2025-04-11,2025-04-04 11:36:44
669,90.14,good,41.67,2025-04-12,2025-04-15 18:51:23
670,97.93,good,42.86,2025-04-11,2025-04-03 21:14:18
671,80.47,degraded,66.47,2025-04-10,2025-04-04 17:21:06
672,95.31,good,49.48,2025-04-04,2025-04-16 22:00:31
673,94.35,degraded,91.82,2025-04-02,2025-04-11 06:09:46
674,99.33,replace soon,84.67,2025-04-14,2025-04-05 10:36:16
675,77.46,good,56.32,2025-04-11,2025-04-06 15:39:25
676,94.76,good,68.35,2025-04-11,2025-04-14 19:03:26
677,91.68,replace soon,72.54,2025-04-07,2025-04-13 10:09:23
678,83.98,replace soon,41.05,2025-04-15,2025-04-13 07:30:57
679,90.89,degraded,31.71,2025-04-17,2025-04-01 15:24:23
680,95.01,good,59.74,2025-04-13,2025-04-02 10:02:58
681,85.85,good,56.13,2025-04-13,2025-04-04 08:46:53
682,78.41,replace soon,93.35,2025-04-10,2025-04-04 19:18:32
683,90.24,degraded,35.69,2025-04-10,2025-04-12 14:41:20
684,84.91,replace soon,44.13,2025-04-01,2025-04-07 08:13:17
685,99.82,replace soon,52.24,2025-04-13,2025-04-06 04:14:02
686,84.29,good,93.09,2025-04-07,2025-04-05 16:19:00
687,75.71,degraded,30.92,2025-04-07,2025-04-13 11:16:03
688,80.19,replace soon,66.73,2025-04-08,2025-04-08 13:27:49
689,91.93,good,34.17,2025-04-05,2025-04-04 22:32:31
690,92.95,replace soon,66.0,2025-04-17,2025-04-11 20:24:17
691,89.78,replace soon,46.07,2025-04-17,2025-04-12 19:57:04
692,88.94,degraded,47.81,2025-04-04,2025-04-11 08:29:33
693,77.61,degraded,36.33,2025-04-09,2025-04-03 00:12:15
694,94.68,degraded,92.08,2025-04-01,2025-04-03 15:37:44
695,76.82,replace soon,33.97,2025-04-07,2025-04-01 19:01:54
696,79.44,replace soon,84.65,2025-04-03,2025-04-11 08:42:24
697,83.81,replace soon,51.9,2025-04-11,2025-04-07 13:35:30
698,88.82,good,51.87,2025-04-09,2025-04-04 14:31:37
699,87.66,replace soon,65.95,2025-04-09,2025-04-15 12:52:12
700,90.26,replace soon,64.98,2025-04-05,2025-04-03 01:46:06
701,80.89,good,98.29,2025-04-06,2025-04-12 17:57:03
702,93.58,degraded,77.92,2025-04-15,2025-04-14 18:36:52
703,79.32,good,76.63,2025-04-16,2025-04-02 21:27:56
704,78.15,degraded,50.16,2025-04-15,2025-04-07 05:16:08
705,86.07,replace soon,65.4,2025-04-10,2025-04-02 08:18:59
706,92.39,replace soon,87.71,2025-04-11,2025-04-09 06:12:33
707,84.37,replace soon,59.9,2025-04-02,2025-04-06 05:08:55
708,80.53,good,56.56,2025-04-01,2025-04-07 04:46:05
709,81.47,degraded,96.46,2025-04-11,2025-04-10 11:06:39
710,94.75,degraded,83.03,2025-04-03,2025-04-11 22:54:46
711,92.51,good,97.1,2025-04-05,2025-04-14 19:49:47
712,97.46,degraded,87.64,2025-04-16,2025-04-07 03:52:03
713,76.08,good,99.98,2025-04-09,2025-04-09 21:05:21
714,94.37,good,42.69,2025-04-08,2025-04-06 00:45:03
715,76.54,good,65.87,2025-04-06,2025-04-01 19:53:24
716,84.1,good,94.24,2025-04-01,2025-04-13 00:07:34
717,92.47,replace soon,95.43,2025-04-04,2025-04-08 18:58:32
718,90.84,good,70.23,2025-04-02,2025-04-05 12:10:12
719,99.05,degraded,94.5,2025-04-01,2025-04-10 12:19:05
720,86.25,good,84.59,2025-04-12,2025-04-11 09:59:48
721,75.88,good,69.83,2025-04-07,2025-04-09 21:49:14
722,78.0,replace soon,88.41,2025-04-12,2025-04-12 09:44:26
723,88.52,degraded,49.65,2025-04-05,2025-04-15 11:53:57
724,94.75,good,72.66,2025-04-12,2025-04-12 15:49:44
725,85.2,replace soon,85.11,2025-04-16,2025-04-15 01:34:28
726,78.95,degraded,46.64,2025-04-15,2025-04-17 14:58:24
727,97.69,degraded,46.62,2025-04-02,2025-04-17 01:28:55
728,85.57,good,49.25,2025-04-09,2025-04-02 15:17:22
729,76.27,degraded,53.03,2025-04-13,2025-04-01 08:44:26
730,81.58,good,89.03,2025-04-06,2025-04-05 01:49:47
731,99.69,degraded,78.56,2025-04-06,2025-04-17 09:22:27
732,95.47,replace soon,41.57,2025-04-04,2025-04-06 18:05:43
733,77.34,replace soon,34.06,2025-04-16,2025-04-08 19:48:48
734,91.35,good,72.84,2025-04-09,2025-04-12 10:06:28
735,91.88,good,78.23,2025-04-06,2025-04-05 18:52:12
736,89.76,good,80.41,2025-04-08,2025-04-14 13:42:37
737,93.25,replace soon,82.32,2025-04-17,2025-04-10 12:20:32
738,96.07,replace soon,68.11,2025-04-16,2025-04-04 12:43:21
739,90.56,good,75.62,2025-04-01,2025-04-10 18:26:45
740,95.67,degraded,67.36,2025-04-02,2025-04-09 23:08:46
741,77.89,good,81.76,2025-04-04,2025-04-10 20:27:27
742,82.71,replace soon,45.08,2025-04-01,2025-04-16 19:59:19
743,91.22,degraded,34.35,2025-04-01,2025-04-10 04:29:12
744,88.28,degraded,69.54,2025-04-12,2025-04-04 23:25:50
745,97.29,degraded,50.48,2025-04-14,2025-04-13 08:51:26
746,97.2,degraded,98.98,2025-04-07,2025-04-15 01:07:01
747,84.28,degraded,37.88,2025-04-08,2025-04-09 13:04:48
748,76.09,degraded,62.95,2025-04-06,2025-04-11 04:23:44
749,92.59,good,47.89,2025-04-10,2025-04-10 17:11:04
750,83.39,replace soon,72.24,2025-04-06,2025-04-01 12:14:41
751,90.19,replace soon,90.15,2025-04-13,2025-04-12 06:24:23
752,84.9,degraded,44.57,2025-04-06,2025-04-09 10:53:34
753,81.84,replace soon,41.76,2025-04-04,2025-04-07 17:49:49
754,83.11,replace soon,74.6,2025-04-06,2025-04-05 18:30:20
755,82.98,good,74.16,2025-04-09,2025-04-03 14:19:14
756,97.89,degraded,72.5,2025-04-15,2025-04-13 23:45:43
757,93.19,replace soon,83.45,2025-04-10,2025-04-02 23:33:21
758,78.27,replace soon,30.1,2025-04-06,2025-04-01 23:02:52
759,77.25,good,60.32,2025-04-06,2025-04-14 10:42:44
760,76.0,replace soon,48.56,2025-04-09,2025-04-12 15:55:15
761,91.42,good,57.57,2025-04-10,2025-04-11 13:40:12
762,77.72,degraded,87.88,2025-04-17,2025-04-07 09:44:28
763,80.2,degraded,79.35,2025-04-05,2025-04-07 16:23:27
764,96.16,degraded,56.4,2025-04-03,2025-04-14 06:56:55
765,96.73,degraded,78.51,2025-04-10,2025-04-15 03:40:23
766,92.11,degraded,89.2,2025-04-01,2025-04-04 22:10:40
767,76.47,good,36.52,2025-04-14,2025-04-15 20:25:49
768,83.95,replace soon,80.31,2025-04-08,2025-04-14 23:20:28
769,95.82,replace soon,79.66,2025-04-14,2025-04-09 10:53:47
770,86.42,replace soon,90.31,2025-04-17,2025-04-01 11:55:39
771,89.83,replace soon,48.99,2025-04-07,2025-04-01 16:21:53
772,87.65,degraded,86.83,2025-04-11,2025-04-05 15:23:55
773,83.71,good,84.7,2025-04-14,2025-04-15 12:13:36
774,94.41,good,49.63,2025-04-02,2025-04-08 01:59:04
775,98.14,good,42.8,2025-04-14,2025-04-07 12:03:25
776,82.61,replace soon,41.37,2025-04-04,2025-04-05 17:39:31
777,96.47,degraded,88.31,2025-04-09,2025-04-06 15:09:48
778,80.35,replace soon,97.54,2025-04-04,2025-04-01 03:09:13
779,93.42,good,89.96,2025-04-15,2025-04-07 07:41:17
780,82.38,degraded,44.62,2025-04-14,2025-04-10 14:47:34
781,99.16,good,55.31,2025-04-17,2025-04-07 13:25:28
782,76.97,degraded,49.57,2025-04-04,2025-04-08 19:09:04
783,92.17,replace soon,56.64,2025-04-09,2025-04-12 10:08:18
784,86.77,degraded,68.21,2025-04-17,2025-04-12 02:12:52
785,97.31,degraded,61.95,2025-04-06,2025-04-09 06:15:51
786,86.64,replace soon,44.2,2025-04-10,2025-04-10 01:11:58
787,77.07,replace soon,84.17,2025-04-06,2025-04-06 05:32:15
788,77.88,replace soon,53.78,2025-04-07,2025-04-05 10:50:16
789,84.54,degraded,38.21,2025-04-10,2025-04-02 12:21:02
790,79.85,replace soon,41.24,2025-04-02,2025-04-01 06:57:52
791,81.73,degraded,87.65,2025-04-11,2025-04-15 20:58:41
792,82.48,replace soon,57.36,2025-04-12,2025-04-16 23:00:25
793,92.04,replace soon,79.54,2025-04-03,2025-04-16 09:39:53
794,86.49,good,43.91,2025-04-10,2025-04-15 12:10:13
795,93.28,good,53.75,2025-04-14,2025-04-17 19:36:32
796,80.49,good,50.71,2025-04-11,2025-04-07 09:49:19
797,87.58,replace soon,32.02,2025-04-12,2025-04-07 04:08:16
798,82.02,degraded,32.5,2025-04-13,2025-04-11 00:01:48
799,82.7,replace soon,68.52,2025-04-17,2025-04-16 23:05:46
800,78.24,good,32.07,2025-04-05,2025-04-05 20:13:43
801,90.73,good,61.21,2025-04-12,2025-04-01 10:25:44
802,77.26,replace soon,49.54,2025-04-10,2025-04-06 02:41:57
803,88.17,good,79.92,2025-04-13,2025-04-07 15:18:56
804,80.51,degraded,76.07,2025-04-14,2025-04-11 03:20:36
805,78.32,good,82.08,2025-04-17,2025-04-07 17:29:59
806,82.74,replace soon,81.1,2025-04-13,2025-04-04 15:38:48
807,79.1,good,61.67,2025-04-09,2025-04-04 16:23:36
808,81.38,good,72.15,2025-04-04,2025-04-02 13:37:33
809,93.53,degraded,79.69,2025-04-10,2025-04-15 01:52:37
810,87.84,replace soon,97.97,2025-04-13,2025-04-17 17:50:24
811,98.6,degraded,95.23,2025-04-15,2025-04-12 12:07:18
812,88.56,replace soon,99.81,2025-04-13,2025-04-09 04:43:13
813,78.27,degraded,73.31,2025-04-07,2025-04-07 12:34:34
814,81.81,good,94.77,2025-04-06,2025-04-13 13:56:38
815,89.77,good,34.71,2025-04-02,2025-04-01 19:00:18
816,79.87,degraded,57.26,2025-04-15,2025-04-02 23:02:43
817,77.62,good,41.92,2025-04-02,2025-04-05 19:20:58
818,94.09,replace soon,42.08,2025-04-06,2025-04-08 09:52:57
819,87.27,good,61.96,2025-04-15,2025-04-02 15:13:04
820,80.95,degraded,75.35,2025-04-11,2025-04-05 21:07:33
821,82.0,degraded,87.04,2025-04-12,2025-04-03 15:26:05
822,98.79,degraded,91.15,2025-04-05,2025-04-03 06:31:04
823,77.29,degraded,64.3,2025-04-17,2025-04-07 11:11:48
824,91.72,replace soon,90.9,2025-04-03,2025-04-08 11:26:40
825,76.02,good,42.19,2025-04-06,2025-04-04 01:25:07
826,84.6,degraded,95.75,2025-04-07,2025-04-16 22:09:59
827,76.37,degraded,63.65,2025-04-09,2025-04-09 11:12:36
828,82.67,replace soon,80.87,2025-04-09,2025-04-15 06:44:27
829,94.71,replace soon,48.41,2025-04-05,2025-04-16 13:01:55
830,83.06,degraded,88.4,2025-04-11,2025-04-01 11:10:56
831,78.86,replace soon,45.48,2025-04-01,2025-04-04 03:39:22
832,80.62,good,94.94,2025-04-09,2025-04-02 19:54:13
833,79.89,degraded,61.42,2025-04-06,2025-04-12 05:29:54
834,85.61,replace soon,81.1,2025-04-06,2025-04-17 22:23:56
835,76.74,good,94.42,2025-04-10,2025-04-04 10:19:12
836,76.03,degraded,38.81,2025-04-14,2025-04-02 13:55:37
837,98.54,good,54.57,2025-04-06,2025-04-02 04:04:32
838,78.5,degraded,88.91,2025-04-14,2025-04-02 18:12:22
839,80.75,replace soon,57.93,2025-04-02,2025-04-09 23:22:40
840,96.55,replace soon,90.14,2025-04-01,2025-04-13 19:45:44
841,83.96,replace soon,36.6,2025-04-14,2025-04-04 14:48:31
842,79.27,degraded,98.2,2025-04-13,2025-04-10 19:35:46
843,93.38,degraded,71.57,2025-04-07,2025-04-10 09:40:46
844,75.95,degraded,90.78,2025-04-08,2025-04-06 14:36:32
845,75.09,replace soon,56.96,2025-04-05,2025-04-09 18:26:01
846,84.27,degraded,39.56,2025-04-05,2025-04-08 13:07:17
847,92.94,good,51.15,2025-04-04,2025-04-15 19:36:58
848,95.76,good,40.69,2025-04-17,2025-04-17 01:20:17
849,85.3,degraded,52.68,2025-04-03,2025-04-09 05:28:17
850,80.24,degraded,95.36,2025-04-16,2025-04-16 00:30:00
851,79.2,good,59.56,2025-04-06,2025-04-08 04:48:57
852,97.24,degraded,59.91,2025-04-16,2025-04-17 12:28:58
853,87.13,good,95.45,2025-04-05,2025-04-11 12:26:12
854,87.89,good,48.3,2025-04-06,2025-04-06 11:12:09
855,78.23,good,30.82,2025-04-12,2025-04-10 02:03:31
856,78.34,replace soon,45.47,2025-04-15,2025-04-08 02:51:05
857,78.3,good,39.3,2025-04-03,2025-04-07 17:08:11
858,96.67,replace soon,41.86,2025-04-09,2025-04-03 08:46:33
859,78.12,degraded,40.13,2025-04-17,2025-04-16 13:30:02
860,84.86,replace soon,35.0,2025-04-14,2025-04-02 18:50:23
861,97.9,replace soon,66.57,2025-04-17,2025-04-05 17:17:37
862,97.5,degraded,39.99,2025-04-05,2025-04-07 22:24:03
863,86.45,good,98.42,2025-04-09,2025-04-15 14:27:20
864,94.42,replace soon,34.4,2025-04-09,2025-04-06 17:35:58
865,95.75,replace soon,48.43,2025-04-09,2025-04-13 03:13:04
866,79.69,degraded,51.3,2025-04-09,2025-04-01 05:25:43
867,86.14,replace soon,93.11,2025-04-09,2025-04-05 08:03:03
868,89.68,degraded,34.95,2025-04-01,2025-04-17 09:10:43
869,94.76,good,52.3,2025-04-01,2025-04-08 08:09:54
870,78.13,replace soon,67.16,2025-04-08,2025-04-06 21:42:43
871,80.97,good,91.39,2025-04-02,2025-04-06 05:30:17
872,92.25,degraded,78.77,2025-04-09,2025-04-02 15:18:48
873,78.73,replace soon,37.03,2025-04-11,2025-04-17 09:26:07
874,86.7,good,73.9,2025-04-02,2025-04-08 08:12:31
875,78.11,replace soon,85.82,2025-04-02,2025-04-08 23:16:34
876,77.12,replace soon,47.97,2025-04-13,2025-04-07 06:50:41
877,79.78,replace soon,71.51,2025-04-17,2025-04-06 15:31:58
878,90.93,degraded,64.36,2025-04-08,2025-04-06 08:03:15
879,90.04,good,42.44,2025-04-12,2025-04-13 09:29:21
880,99.16,degraded,62.06,2025-04-13,2025-04-03 04:19:17
881,94.55,good,51.94,2025-04-09,2025-04-03 04:52:49
882,94.51,replace soon,47.71,2025-04-11,2025-04-12 10:25:09
883,83.67,degraded,41.81,2025-04-17,2025-04-07 21:53:16
884,86.89,degraded,35.88,2025-04-03,2025-04-08 06:53:12
885,80.91,good,81.92,2025-04-03,2025-04-02 21:21:13
886,77.66,replace soon,88.94,2025-04-12,2025-04-11 10:07:33
887,96.9,good,55.1,2025-04-17,2025-04-07 21:03:19
888,76.34,replace soon,39.04,2025-04-17,2025-04-09 15:49:06
889,91.47,replace soon,64.83,2025-04-12,2025-04-13 12:35:14
890,89.23,replace soon,41.65,2025-04-17,2025-04-11 05:01:54
891,78.11,degraded,52.05,2025-04-02,2025-04-02 09:25:22
892,77.43,degraded,40.57,2025-04-07,2025-04-06 23:11:58
893,89.7,degraded,34.91,2025-04-08,2025-04-07 11:00:18
894,76.74,degraded,80.92,2025-04-05,2025-04-03 16:19:32
895,85.48,replace soon,72.68,2025-04-02,2025-04-13 12:30:44
896,81.31,degraded,43.92,2025-04-06,2025-04-01 01:01:13
897,97.3,degraded,44.48,2025-04-03,2025-04-08 13:56:28
898,79.93,good,77.34,2025-04-13,2025-04-06 02:30:49
899,79.95,good,65.68,2025-04-15,2025-04-12 09:33:52
900,78.75,good,50.07,2025-04-10,2025-04-01 13:51:51
901,98.12,replace soon,69.73,2025-04-14,2025-04-09 21:47:54
902,91.51,replace soon,96.69,2025-04-04,2025-04-10 19:10:21
903,91.49,good,44.65,2025-04-12,2025-04-03 05:10:15
904,96.55,degraded,40.25,2025-04-02,2025-04-01 17:11:10
905,86.8,degraded,76.44,2025-04-01,2025-04-05 02:38:45
906,83.31,replace soon,44.07,2025-04-09,2025-04-15 09:02:09
907,81.45,degraded,36.8,2025-04-09,2025-04-10 03:12:53
908,82.97,replace soon,79.69,2025-04-11,2025-04-14 17:00:25
909,83.54,replace soon,55.39,2025-04-02,2025-04-14 23:54:26
910,83.79,replace soon,94.37,2025-04-02,2025-04-09 08:33:09
911,95.77,replace soon,89.63,2025-04-04,2025-04-02 19:46:45
912,99.55,degraded,31.83,2025-04-04,2025-04-15 12:04:14
913,76.42,degraded,81.84,2025-04-17,2025-04-06 18:17:36
914,92.37,degraded,32.12,2025-04-11,2025-04-05 07:29:28
915,88.76,replace soon,46.48,2025-04-01,2025-04-10 13:16:20
916,76.45,good,78.16,2025-04-15,2025-04-04 20:52:11
917,84.84,good,66.42,2025-04-17,2025-04-05 09:48:37
918,95.01,degraded,51.64,2025-04-15,2025-04-07 04:01:35
919,84.55,degraded,51.7,2025-04-04,2025-04-06 14:41:16
920,88.98,replace soon,82.83,2025-04-17,2025-04-09 08:58:15
921,75.8,good,56.14,2025-04-11,2025-04-06 01:57:54
922,96.25,degraded,40.11,2025-04-02,2025-04-17 02:28:14
923,95.57,replace soon,47.6,2025-04-12,2025-04-11 23:00:13
924,88.02,replace soon,95.55,2025-04-01,2025-04-09 06:43:26
925,84.47,replace soon,62.83,2025-04-14,2025-04-15 15:38:19
926,97.41,replace soon,83.63,2025-04-16,2025-04-15 16:56:54
927,89.38,degraded,74.34,2025-04-08,2025-04-02 07:51:48
928,79.67,replace soon,87.95,2025-04-09,2025-04-02 02:11:38
929,81.45,replace soon,97.66,2025-04-17,2025-04-04 03:39:33
930,75.27,replace soon,57.62,2025-04-09,2025-04-17 03:15:25
931,75.61,replace soon,69.33,2025-04-06,2025-04-17 04:18:36
932,80.3,degraded,78.32,2025-04-04,2025-04-08 18:19:41
933,81.01,degraded,91.03,2025-04-03,2025-04-17 06:01:20
934,82.8,good,53.21,2025-04-16,2025-04-13 15:57:34
935,90.83,good,93.21,2025-04-06,2025-04-05 23:46:39
936,89.38,degraded,32.34,2025-04-17,2025-04-10 16:00:04
937,78.39,good,74.86,2025-04-04,2025-04-16 08:52:41
938,91.62,replace soon,32.22,2025-04-15,2025-04-07 11:20:14
939,85.8,degraded,65.25,2025-04-12,2025-04-01 16:57:27
940,77.97,replace soon,47.59,2025-04-15,2025-04-06 03:32:29
941,86.6,degraded,55.83,2025-04-10,2025-04-15 11:49:42
942,89.89,degraded,74.85,2025-04-04,2025-04-04 19:03:23
943,86.66,degraded,36.48,2025-04-07,2025-04-16 05:27:55
944,98.32,good,42.02,2025-04-03,2025-04-08 18:31:10
945,91.17,degraded,86.99,2025-04-15,2025-04-08 12:11:12
946,93.42,degraded,44.23,2025-04-07,2025-04-10 10:31:39
947,88.1,degraded,60.04,2025-04-16,2025-04-09 00:18:28
948,96.76,good,64.37,2025-04-06,2025-04-02 12:34:09
949,92.4,replace soon,32.84,2025-04-14,2025-04-02 16:58:33
950,98.56,good,63.68,2025-04-15,2025-04-08 04:52:11
951,76.44,degraded,40.86,2025-04-14,2025-04-14 02:38:01
952,97.63,degraded,78.02,2025-04-09,2025-04-08 22:34:35
953,94.95,good,75.92,2025-04-04,2025-04-10 19:11:41
954,77.53,degraded,44.15,2025-04-15,2025-04-11 18:16:14
955,94.4,replace soon,86.15,2025-04-09,2025-04-13 20:18:44
956,95.08,degraded,85.7,2025-04-08,2025-04-12 04:09:45
957,96.74,degraded,96.54,2025-04-10,2025-04-05 05:30:51
958,83.07,replace soon,53.52,2025-04-05,2025-04-08 09:52:09
959,80.35,good,63.25,2025-04-10,2025-04-06 22:03:38
960,79.36,degraded,84.78,2025-04-04,2025-04-09 10:55:28
961,91.75,good,86.27,2025-04-10,2025-04-14 14:10:19
962,98.07,degraded,83.34,2025-04-05,2025-04-04 00:55:11
963,81.26,good,74.73,2025-04-14,2025-04-10 23:25:13
964,89.6,replace soon,99.43,2025-04-16,2025-04-14 06:46:27
965,87.42,replace soon,31.14,2025-04-14,2025-04-14 06:59:42
966,86.85,degraded,50.06,2025-04-16,2025-04-10 06:50:29
967,92.17,degraded,68.82,2025-04-09,2025-04-15 11:37:34
968,91.77,replace soon,56.86,2025-04-13,2025-04-17 13:13:27
969,84.47,replace soon,41.08,2025-04-11,2025-04-03 21:03:26
970,92.1,good,78.71,2025-04-01,2025-04-08 03:45:21
971,83.8,replace soon,30.27,2025-04-14,2025-04-08 05:24:55
972,93.11,degraded,85.34,2025-04-07,2025-04-11 13:27:04
973,93.77,replace soon,33.13,2025-04-03,2025-04-04 00:45:48
974,85.22,good,34.93,2025-04-03,2025-04-09 01:38:30
975,81.33,replace soon,54.15,2025-04-05,2025-04-16 01:08:57
976,95.37,replace soon,46.91,2025-04-13,2025-04-13 10:08:09
977,94.17,good,35.48,2025-04-16,2025-04-06 21:03:59
978,80.42,good,99.8,2025-04-16,2025-04-10 05:56:57
979,79.97,good,61.69,2025-04-16,2025-04-12 08:01:31
980,96.61,degraded,65.85,2025-04-15,2025-04-12 21:01:49
981,78.33,replace soon,56.24,2025-04-11,2025-04-02 00:49:00
982,75.65,degraded,40.43,2025-04-12,2025-04-11 13:53:42
983,86.01,replace soon,45.45,2025-04-11,2025-04-05 19:04:48
984,96.57,good,60.43,2025-04-07,2025-04-06 20:55:54
985,92.34,replace soon,48.47,2025-04-05,2025-04-05 12:25:37
986,90.28,degraded,91.96,2025-04-03,2025-04-13 03:39:34
987,90.2,good,34.3,2025-04-14,2025-04-01 04:41:21
988,92.47,good,71.24,2025-04-11,2025-04-12 17:59:54
989,88.89,replace soon,37.38,2025-04-04,2025-04-13 17:59:24
990,83.11,replace soon,70.53,2025-04-05,2025-04-03 14:37:06
991,93.12,replace soon,95.71,2025-04-14,2025-04-02 20:22:17
992,82.64,degraded,47.6,2025-04-13,2025-04-03 05:15:52
993,88.42,good,34.89,2025-04-11,2025-04-17 23:18:42
994,98.9,degraded,50.9,2025-04-15,2025-04-05 04:07:56
995,78.97,replace soon,71.51,2025-04-13,2025-04-15 14:07:27
996,93.61,degraded,52.84,2025-04-17,2025-04-12 14:04:20
997,92.86,degraded,92.11,2025-04-15,2025-04-13 20:48:02
998,97.49,replace soon,56.63,2025-04-14,2025-04-10 09:15:27
999,98.78,degraded,84.48,2025-04-10,2025-04-12 01:14:43
1000,82.14,degraded,75.07,2025-04-15,2025-04-01 10:21:47
