vehicle_id,model,status,latitude,longitude,battery_id,last_updated
1,Model-3,inactive,42.734892,-78.850975,1,2025-04-05 04:39:38
2,Model-Y,inactive,42.329676,-78.521618,2,2025-04-12 08:33:25
3,Model-Y,active,42.061507,-78.362306,3,2025-04-07 15:39:05
4,Model-X,maintenance,42.346848,-78.049053,4,2025-04-13 23:08:30
5,Model-S,inactive,42.122355,-78.681043,5,2025-04-05 20:50:58
6,Model-X,maintenance,42.660493,-78.655238,6,2025-04-17 19:27:53
7,Model-Y,maintenance,42.505699,-78.944241,7,2025-04-09 21:21:25
8,Model-S,maintenance,42.446298,-78.485591,8,2025-04-11 11:36:04
9,Model-Y,maintenance,42.857622,-78.070613,9,2025-04-04 12:11:26
10,Model-Y,active,42.975248,-78.940457,10,2025-04-15 05:25:36
11,Model-Y,inactive,42.6171,-78.860965,11,2025-04-15 17:23:43
12,Model-3,inactive,42.16027,-78.752128,12,2025-04-08 00:34:27
13,Model-S,maintenance,42.398356,-78.566607,13,2025-04-07 18:33:06
14,Model-3,inactive,42.769684,-78.595342,14,2025-04-09 08:30:39
15,Model-Y,active,42.115878,-78.085166,15,2025-04-11 06:52:38
16,Model-X,active,42.264715,-78.482503,16,2025-04-08 15:37:44
17,Model-X,maintenance,42.167476,-78.503999,17,2025-04-16 19:05:42
18,Model-3,active,42.832663,-78.292359,18,2025-04-08 07:33:43
19,Model-S,maintenance,42.797176,-78.736446,19,2025-04-13 21:09:58
20,Model-X,active,42.830959,-78.986603,20,2025-04-12 20:59:01
21,Model-3,inactive,42.79025,-78.511483,21,2025-04-11 17:15:23
22,Model-Y,maintenance,42.845166,-78.352556,22,2025-04-15 01:51:29
23,Model-S,active,42.972736,-78.508743,23,2025-04-05 12:11:39
24,Model-3,inactive,42.683303,-78.065643,24,2025-04-07 01:46:33
25,Model-S,inactive,42.993203,-78.163343,25,2025-04-13 01:53:37
26,Model-S,inactive,42.83533,-78.255773,26,2025-04-15 11:00:48
27,Model-X,inactive,42.638329,-78.449851,27,2025-04-06 20:09:30
28,Model-Y,active,42.586907,-78.404624,28,2025-04-16 19:18:36
29,Model-X,maintenance,42.32145,-78.651221,29,2025-04-04 17:54:03
30,Model-Y,active,42.180778,-78.967642,30,2025-04-12 01:50:12
31,Model-S,inactive,42.056305,-78.776151,31,2025-04-05 05:57:11
32,Model-Y,maintenance,42.045626,-78.051057,32,2025-04-14 18:30:07
33,Model-S,inactive,42.390329,-78.614272,33,2025-04-11 01:16:22
34,Model-X,maintenance,42.435032,-78.487806,34,2025-04-17 15:56:06
35,Model-S,active,42.738079,-78.160586,35,2025-04-12 00:25:12
36,Model-X,inactive,42.987096,-78.579584,36,2025-04-07 09:33:47
37,Model-S,inactive,42.155886,-78.861582,37,2025-04-04 05:42:54
38,Model-3,active,42.141339,-78.61064,38,2025-04-08 23:47:05
39,Model-3,maintenance,42.599971,-78.593538,39,2025-04-12 12:51:45
40,Model-S,active,42.541178,-78.175568,40,2025-04-04 19:11:58
41,Model-Y,inactive,42.870074,-78.620625,41,2025-04-01 06:31:04
42,Model-3,active,42.193161,-78.260225,42,2025-04-06 12:41:53
43,Model-S,maintenance,42.962467,-78.348968,43,2025-04-07 01:32:53
44,Model-X,active,42.624198,-78.825136,44,2025-04-01 17:38:35
45,Model-Y,maintenance,42.428247,-78.560401,45,2025-04-11 01:08:27
46,Model-S,maintenance,42.694211,-78.812824,46,2025-04-10 21:02:16
47,Model-Y,maintenance,42.692731,-78.596408,47,2025-04-07 06:23:20
48,Model-Y,active,42.891282,-78.480068,48,2025-04-11 19:14:15
49,Model-Y,inactive,42.815533,-78.272708,49,2025-04-03 01:19:09
50,Model-S,inactive,42.420195,-78.29984,50,2025-04-09 00:30:02
51,Model-3,maintenance,42.213567,-78.704661,51,2025-04-01 07:04:59
52,Model-3,inactive,42.332078,-78.922181,52,2025-04-14 22:42:29
53,Model-S,active,42.970606,-78.988637,53,2025-04-12 05:35:54
54,Model-X,active,42.804716,-78.83897,54,2025-04-11 08:56:12
55,Model-3,inactive,42.71064,-78.965028,55,2025-04-10 02:48:21
56,Model-Y,maintenance,42.201979,-78.981541,56,2025-04-17 15:25:17
57,Model-Y,maintenance,42.199606,-78.069525,57,2025-04-07 17:21:19
58,Model-3,inactive,42.872094,-78.582878,58,2025-04-03 17:47:17
59,Model-Y,maintenance,42.130136,-78.207444,59,2025-04-15 11:41:23
60,Model-Y,inactive,42.537801,-78.039363,60,2025-04-05 20:21:43
61,Model-X,active,42.274823,-78.758846,61,2025-04-08 03:34:53
62,Model-S,maintenance,42.089693,-78.149054,62,2025-04-02 20:32:22
63,Model-X,active,42.711051,-78.213867,63,2025-04-05 11:48:40
64,Model-3,maintenance,42.056352,-78.461534,64,2025-04-06 08:29:10
65,Model-X,maintenance,42.274569,-78.928453,65,2025-04-08 18:07:09
66,Model-Y,inactive,42.514787,-78.403722,66,2025-04-17 13:30:37
67,Model-S,active,42.973159,-78.470121,67,2025-04-16 17:02:49
68,Model-3,active,42.505507,-78.461868,68,2025-04-07 14:25:49
69,Model-Y,inactive,42.733776,-78.907564,69,2025-04-10 16:27:27
70,Model-Y,inactive,42.337522,-78.005573,70,2025-04-17 15:26:03
71,Model-X,inactive,42.636931,-78.609088,71,2025-04-17 13:55:43
72,Model-3,maintenance,42.639755,-78.383222,72,2025-04-10 21:10:50
73,Model-Y,inactive,42.155744,-78.259511,73,2025-04-03 22:28:35
74,Model-S,active,42.331332,-78.076005,74,2025-04-14 03:34:40
75,Model-S,inactive,42.375652,-78.134433,75,2025-04-11 16:32:04
76,Model-X,maintenance,42.895895,-78.801078,76,2025-04-03 01:11:34
77,Model-S,maintenance,42.915915,-78.68915,77,2025-04-15 14:48:30
78,Model-Y,maintenance,42.978766,-78.721785,78,2025-04-02 20:20:31
79,Model-S,active,42.55541,-78.305192,79,2025-04-16 17:22:29
80,Model-S,maintenance,42.776936,-78.081892,80,2025-04-17 18:07:34
81,Model-X,maintenance,42.75076,-78.809139,81,2025-04-10 14:19:13
82,Model-X,maintenance,42.040457,-78.032156,82,2025-04-09 10:21:56
83,Model-S,maintenance,42.960151,-78.605227,83,2025-04-05 19:41:15
84,Model-X,active,42.962436,-78.196606,84,2025-04-02 18:59:21
85,Model-3,inactive,42.211803,-78.348107,85,2025-04-16 18:40:43
86,Model-Y,active,42.513564,-78.731694,86,2025-04-10 14:07:51
87,Model-S,active,42.300231,-78.225474,87,2025-04-14 15:40:32
88,Model-X,maintenance,42.460935,-78.507935,88,2025-04-09 18:42:51
89,Model-3,active,42.980998,-78.146787,89,2025-04-09 11:45:41
90,Model-X,active,42.66675,-78.770237,90,2025-04-04 11:40:00
91,Model-X,active,42.41268,-78.885788,91,2025-04-14 23:58:13
92,Model-X,inactive,42.085789,-78.029062,92,2025-04-14 02:55:24
93,Model-X,maintenance,42.896428,-78.236833,93,2025-04-11 02:00:50
94,Model-Y,active,42.988932,-78.764154,94,2025-04-05 08:19:26
95,Model-3,active,42.237954,-78.468178,95,2025-04-17 11:34:20
96,Model-Y,inactive,42.285881,-78.317247,96,2025-04-04 20:01:38
97,Model-X,inactive,42.306104,-78.404899,97,2025-04-06 09:08:49
98,Model-S,inactive,42.524603,-78.422743,98,2025-04-01 15:28:47
99,Model-S,maintenance,42.520679,-78.846016,99,2025-04-17 04:27:43
100,Model-Y,maintenance,42.638633,-78.734318,100,2025-04-11 11:11:47
101,Model-X,inactive,42.025645,-78.014384,101,2025-04-13 11:28:30
102,Model-X,active,42.535528,-78.471895,102,2025-04-05 18:17:17
103,Model-Y,inactive,42.897809,-78.761691,103,2025-04-17 18:47:26
104,Model-Y,active,42.779901,-78.469066,104,2025-04-14 08:18:35
105,Model-Y,maintenance,42.442005,-78.684698,105,2025-04-05 03:30:53
106,Model-Y,maintenance,42.249065,-78.620886,106,2025-04-10 12:22:28
107,Model-S,active,42.872536,-78.846333,107,2025-04-16 00:54:25
108,Model-3,inactive,42.160362,-78.384452,108,2025-04-09 03:23:25
109,Model-X,active,42.29593,-78.194686,109,2025-04-07 10:01:58
110,Model-3,maintenance,42.105985,-78.093664,110,2025-04-06 18:10:04
111,Model-Y,maintenance,42.97088,-78.800229,111,2025-04-15 01:32:07
112,Model-S,active,42.42802,-78.977916,112,2025-04-10 08:30:15
113,Model-3,maintenance,42.100996,-78.463586,113,2025-04-12 13:10:48
114,Model-Y,maintenance,42.6584,-78.195866,114,2025-04-14 23:30:44
115,Model-Y,inactive,42.343302,-78.99326,115,2025-04-03 03:07:20
116,Model-Y,inactive,42.519007,-78.060911,116,2025-04-03 19:48:38
117,Model-S,inactive,42.304471,-78.193444,117,2025-04-15 19:40:02
118,Model-X,inactive,42.574598,-78.945056,118,2025-04-13 09:14:24
119,Model-Y,active,42.904931,-78.727955,119,2025-04-08 23:51:08
120,Model-X,inactive,42.896084,-78.644136,120,2025-04-01 10:48:27
121,Model-3,inactive,42.635506,-78.087589,121,2025-04-03 09:10:44
122,Model-X,active,42.659481,-78.258066,122,2025-04-08 22:15:19
123,Model-X,maintenance,42.711679,-78.711268,123,2025-04-01 22:23:32
124,Model-S,inactive,42.589063,-78.526226,124,2025-04-12 14:48:25
125,Model-S,maintenance,42.336907,-78.289487,125,2025-04-01 13:58:58
126,Model-S,active,42.345946,-78.919001,126,2025-04-10 20:27:31
127,Model-S,inactive,42.025677,-78.450365,127,2025-04-03 16:10:36
128,Model-S,maintenance,42.154739,-78.962903,128,2025-04-11 22:57:38
129,Model-3,inactive,42.601807,-78.775343,129,2025-04-17 10:58:29
130,Model-S,maintenance,42.02098,-78.123559,130,2025-04-16 19:25:06
131,Model-X,maintenance,42.85856,-78.679139,131,2025-04-09 09:12:58
132,Model-X,maintenance,42.147093,-78.307595,132,2025-04-05 10:41:05
133,Model-X,inactive,42.773196,-78.793976,133,2025-04-10 21:15:11
134,Model-X,maintenance,42.139132,-78.501342,134,2025-04-15 02:48:08
135,Model-3,maintenance,42.97825,-78.98247,135,2025-04-10 10:17:56
136,Model-S,maintenance,42.084482,-78.088736,136,2025-04-13 18:51:34
137,Model-X,maintenance,42.635292,-78.739169,137,2025-04-11 00:14:56
138,Model-Y,inactive,42.581179,-78.503639,138,2025-04-17 04:38:32
139,Model-3,active,42.206217,-78.351327,139,2025-04-15 14:50:33
140,Model-S,inactive,42.567846,-78.779273,140,2025-04-09 14:55:23
141,Model-S,maintenance,42.864759,-78.805131,141,2025-04-17 01:01:38
142,Model-3,active,42.40184,-78.023578,142,2025-04-10 17:47:12
143,Model-S,maintenance,42.701515,-78.625128,143,2025-04-09 06:17:56
144,Model-Y,active,42.240528,-78.991284,144,2025-04-15 14:18:53
145,Model-S,maintenance,42.606797,-78.117664,145,2025-04-08 02:57:58
146,Model-3,inactive,42.617222,-78.346638,146,2025-04-13 17:21:41
147,Model-3,inactive,42.789026,-78.62572,147,2025-04-06 19:27:43
148,Model-S,inactive,42.703769,-78.705377,148,2025-04-06 14:42:58
149,Model-Y,inactive,42.53962,-78.280869,149,2025-04-04 23:02:39
150,Model-S,active,42.362867,-78.418818,150,2025-04-05 06:46:24
151,Model-3,maintenance,42.398203,-78.332294,151,2025-04-10 11:37:12
152,Model-3,maintenance,42.847997,-78.32874,152,2025-04-02 19:24:11
153,Model-S,active,42.194159,-78.226776,153,2025-04-10 13:55:24
154,Model-S,inactive,42.78483,-78.936975,154,2025-04-13 08:03:45
155,Model-S,inactive,42.845322,-78.047828,155,2025-04-06 09:39:14
156,Model-S,inactive,42.816523,-78.582632,156,2025-04-05 13:14:34
157,Model-S,active,42.357035,-78.045694,157,2025-04-05 00:58:10
158,Model-Y,inactive,42.224056,-78.901517,158,2025-04-16 03:27:55
159,Model-Y,maintenance,42.643827,-78.634146,159,2025-04-14 11:41:16
160,Model-Y,active,42.200418,-78.531933,160,2025-04-11 16:12:43
161,Model-Y,active,42.249265,-78.205788,161,2025-04-16 20:25:12
162,Model-S,active,42.061063,-78.730219,162,2025-04-08 06:25:33
163,Model-S,maintenance,42.744438,-78.272564,163,2025-04-05 17:55:06
164,Model-3,maintenance,42.832131,-78.296311,164,2025-04-17 01:23:30
165,Model-S,inactive,42.385242,-78.433312,165,2025-04-16 06:52:12
166,Model-X,inactive,42.311058,-78.877176,166,2025-04-06 05:51:47
167,Model-Y,maintenance,42.786028,-78.80123,167,2025-04-16 13:22:00
168,Model-S,maintenance,42.158708,-78.959124,168,2025-04-15 10:32:30
169,Model-Y,inactive,42.813813,-78.352549,169,2025-04-14 05:20:03
170,Model-3,maintenance,42.117521,-78.491852,170,2025-04-10 06:59:54
171,Model-S,inactive,42.538083,-78.108172,171,2025-04-09 02:51:01
172,Model-X,active,42.531783,-78.916439,172,2025-04-11 04:47:45
173,Model-S,inactive,42.51369,-78.718791,173,2025-04-02 06:43:44
174,Model-S,maintenance,42.401221,-78.691187,174,2025-04-08 01:31:54
175,Model-S,maintenance,42.198986,-78.106426,175,2025-04-17 23:08:47
176,Model-S,inactive,42.06864,-78.779703,176,2025-04-06 08:39:28
177,Model-3,inactive,42.893329,-78.165704,177,2025-04-01 03:12:10
178,Model-3,inactive,42.329718,-78.485249,178,2025-04-13 01:28:39
179,Model-Y,inactive,42.518383,-78.485187,179,2025-04-15 05:11:43
180,Model-3,maintenance,42.954292,-78.385659,180,2025-04-08 13:00:46
181,Model-S,maintenance,42.96322,-78.666958,181,2025-04-07 19:09:51
182,Model-X,inactive,42.366718,-78.096313,182,2025-04-03 22:36:16
183,Model-3,inactive,42.26855,-78.851991,183,2025-04-13 03:38:47
184,Model-S,maintenance,42.037928,-78.80558,184,2025-04-09 16:34:24
185,Model-X,inactive,42.815429,-78.179224,185,2025-04-04 22:05:37
186,Model-X,active,42.63431,-78.721361,186,2025-04-07 18:36:30
187,Model-X,maintenance,42.144879,-78.385786,187,2025-04-01 12:31:37
188,Model-S,maintenance,42.303164,-78.773733,188,2025-04-16 02:02:52
189,Model-Y,active,42.702306,-78.6858,189,2025-04-04 00:00:43
190,Model-3,active,42.69594,-78.74329,190,2025-04-14 09:26:14
191,Model-3,active,42.867559,-78.782362,191,2025-04-02 04:14:36
192,Model-3,inactive,42.825061,-78.76595,192,2025-04-16 19:38:24
193,Model-Y,inactive,42.723787,-78.92514,193,2025-04-01 06:55:14
194,Model-S,maintenance,42.096436,-78.431333,194,2025-04-08 07:20:46
195,Model-S,active,42.38463,-78.062387,195,2025-04-06 23:49:22
196,Model-Y,maintenance,42.904453,-78.530016,196,2025-04-10 19:25:28
197,Model-Y,active,42.203877,-78.257292,197,2025-04-07 12:41:05
198,Model-Y,active,42.598688,-78.123225,198,2025-04-14 14:26:31
199,Model-Y,inactive,42.390256,-78.342494,199,2025-04-10 05:10:54
200,Model-S,inactive,42.255371,-78.248297,200,2025-04-16 00:11:00
201,Model-3,maintenance,42.469225,-78.878801,201,2025-04-04 03:09:58
202,Model-X,active,42.892278,-78.259335,202,2025-04-04 02:37:21
203,Model-Y,inactive,42.408359,-78.987092,203,2025-04-08 18:59:20
204,Model-X,active,42.162289,-78.605982,204,2025-04-17 22:52:38
205,Model-X,inactive,42.703446,-78.510743,205,2025-04-16 04:25:42
206,Model-S,active,42.047178,-78.265514,206,2025-04-11 07:00:25
207,Model-S,inactive,42.87188,-78.280303,207,2025-04-16 16:20:15
208,Model-X,maintenance,42.596148,-78.818965,208,2025-04-02 10:58:19
209,Model-Y,inactive,42.312379,-78.044027,209,2025-04-08 03:09:19
210,Model-3,inactive,42.604174,-78.003313,210,2025-04-13 07:23:42
211,Model-Y,active,42.766047,-78.944462,211,2025-04-08 09:47:16
212,Model-Y,active,42.434636,-78.365513,212,2025-04-17 13:29:09
213,Model-X,maintenance,42.589338,-78.321155,213,2025-04-12 01:27:06
214,Model-S,active,42.799812,-78.215298,214,2025-04-17 10:43:20
215,Model-X,active,42.371623,-78.222591,215,2025-04-14 16:08:01
216,Model-X,active,42.178926,-78.670369,216,2025-04-10 16:57:00
217,Model-X,inactive,42.784455,-78.623294,217,2025-04-09 14:14:02
218,Model-S,active,42.976777,-78.089779,218,2025-04-13 03:07:31
219,Model-3,inactive,42.5211,-78.815425,219,2025-04-07 17:23:00
220,Model-Y,maintenance,42.704741,-78.312794,220,2025-04-04 22:17:17
221,Model-S,maintenance,42.839939,-78.349696,221,2025-04-17 07:59:09
222,Model-X,active,42.616244,-78.474951,222,2025-04-07 17:53:35
223,Model-X,maintenance,42.316992,-78.614553,223,2025-04-05 03:19:48
224,Model-S,inactive,42.232382,-78.224006,224,2025-04-07 12:56:24
225,Model-S,inactive,42.749529,-78.160237,225,2025-04-12 14:01:39
226,Model-S,active,42.762328,-78.887736,226,2025-04-08 01:01:56
227,Model-S,maintenance,42.465051,-78.326022,227,2025-04-10 03:29:57
228,Model-S,inactive,42.290368,-78.12871,228,2025-04-11 03:42:58
229,Model-Y,active,42.661962,-78.468193,229,2025-04-01 09:27:15
230,Model-3,active,42.342184,-78.665413,230,2025-04-13 18:56:13
231,Model-3,maintenance,42.647197,-78.255433,231,2025-04-03 19:58:28
232,Model-Y,maintenance,42.772856,-78.619569,232,2025-04-15 12:48:21
233,Model-X,maintenance,42.993681,-78.557896,233,2025-04-01 11:53:30
234,Model-3,active,42.353305,-78.675408,234,2025-04-02 01:20:45
235,Model-3,inactive,42.333257,-78.135566,235,2025-04-10 04:36:31
236,Model-Y,inactive,42.588935,-78.413248,236,2025-04-04 04:19:03
237,Model-Y,inactive,42.465895,-78.015974,237,2025-04-15 00:40:59
238,Model-Y,active,42.916498,-78.721524,238,2025-04-10 11:14:47
239,Model-Y,inactive,42.500899,-78.265301,239,2025-04-03 03:48:04
240,Model-3,inactive,42.071687,-78.895782,240,2025-04-14 07:53:09
241,Model-3,maintenance,42.555743,-78.680215,241,2025-04-05 04:03:19
242,Model-Y,inactive,42.18983,-78.509297,242,2025-04-15 20:37:04
243,Model-S,inactive,42.787199,-78.802592,243,2025-04-07 06:47:38
244,Model-X,maintenance,42.119937,-78.81978,244,2025-04-05 06:02:02
245,Model-S,active,42.937892,-78.612339,245,2025-04-14 17:47:04
246,Model-3,inactive,42.717453,-78.962812,246,2025-04-11 05:34:42
247,Model-Y,inactive,42.218387,-78.523008,247,2025-04-11 04:01:42
248,Model-Y,inactive,42.558462,-78.53145,248,2025-04-12 18:20:23
249,Model-3,maintenance,42.019666,-78.856259,249,2025-04-02 16:02:01
250,Model-S,active,42.401768,-78.772194,250,2025-04-01 09:32:06
251,Model-3,inactive,42.876892,-78.175952,251,2025-04-08 16:29:30
252,Model-X,maintenance,42.47811,-78.16513,252,2025-04-01 02:24:36
253,Model-Y,inactive,42.016672,-78.010513,253,2025-04-15 02:16:14
254,Model-Y,active,42.394042,-78.506346,254,2025-04-08 21:58:16
255,Model-X,maintenance,42.258147,-78.33628,255,2025-04-16 10:25:31
256,Model-X,inactive,42.488047,-78.172135,256,2025-04-15 21:36:46
257,Model-Y,inactive,42.808817,-78.10169,257,2025-04-11 15:21:54
258,Model-3,maintenance,42.581815,-78.474103,258,2025-04-16 14:34:49
259,Model-X,active,42.81153,-78.961194,259,2025-04-12 19:20:36
260,Model-Y,active,42.957896,-78.915516,260,2025-04-14 02:26:37
261,Model-3,inactive,42.771619,-78.444035,261,2025-04-07 21:34:00
262,Model-X,maintenance,42.303809,-78.220148,262,2025-04-03 08:28:15
263,Model-S,active,42.429752,-78.165643,263,2025-04-08 02:39:31
264,Model-S,maintenance,42.691345,-78.298875,264,2025-04-17 23:48:47
265,Model-Y,inactive,42.169785,-78.911705,265,2025-04-07 09:25:21
266,Model-3,active,42.188232,-78.09668,266,2025-04-12 03:41:37
267,Model-S,inactive,42.640473,-78.678457,267,2025-04-01 01:04:55
268,Model-3,maintenance,42.50571,-78.625405,268,2025-04-07 12:19:04
269,Model-X,active,42.749494,-78.980679,269,2025-04-02 15:14:59
270,Model-Y,maintenance,42.757677,-78.703098,270,2025-04-13 15:54:44
271,Model-X,maintenance,42.156547,-78.638687,271,2025-04-01 16:19:50
272,Model-Y,maintenance,42.374151,-78.484139,272,2025-04-11 20:44:35
273,Model-3,active,42.919487,-78.382113,273,2025-04-10 22:29:14
274,Model-Y,maintenance,42.641335,-78.313015,274,2025-04-07 11:02:14
275,Model-S,active,42.368814,-78.320138,275,2025-04-10 03:31:57
276,Model-S,maintenance,42.44449,-78.827134,276,2025-04-07 07:02:25
277,Model-X,maintenance,42.147475,-78.855269,277,2025-04-15 07:05:42
278,Model-S,active,42.219358,-78.964586,278,2025-04-12 17:55:03
279,Model-X,active,42.972559,-78.269292,279,2025-04-14 02:56:46
280,Model-3,maintenance,42.47954,-78.003893,280,2025-04-01 12:12:46
281,Model-Y,inactive,42.508127,-78.497155,281,2025-04-15 23:36:34
282,Model-Y,active,42.261322,-78.93921,282,2025-04-04 04:04:10
283,Model-3,inactive,42.233836,-78.011252,283,2025-04-13 18:57:28
284,Model-Y,active,42.620685,-78.902321,284,2025-04-09 05:52:43
285,Model-3,active,42.236262,-78.569765,285,2025-04-12 18:59:28
286,Model-3,maintenance,42.306847,-78.766067,286,2025-04-10 03:30:48
287,Model-X,inactive,42.252228,-78.407138,287,2025-04-01 06:23:10
288,Model-3,active,42.339687,-78.894114,288,2025-04-16 04:42:13
289,Model-X,maintenance,42.663547,-78.280438,289,2025-04-13 19:18:07
290,Model-Y,active,42.837517,-78.162537,290,2025-04-08 02:10:47
291,Model-3,maintenance,42.290954,-78.049217,291,2025-04-06 10:06:12
292,Model-X,maintenance,42.606374,-78.525034,292,2025-04-13 13:30:07
293,Model-3,maintenance,42.353093,-78.466852,293,2025-04-12 11:04:34
294,Model-X,inactive,42.960721,-78.407499,294,2025-04-11 10:43:38
295,Model-3,maintenance,42.829563,-78.745732,295,2025-04-07 04:54:13
296,Model-3,active,42.75415,-78.823965,296,2025-04-12 07:27:16
297,Model-X,maintenance,42.029864,-78.217496,297,2025-04-03 12:08:47
298,Model-Y,inactive,42.528659,-78.81838,298,2025-04-08 01:49:21
299,Model-3,maintenance,42.699688,-78.047114,299,2025-04-01 06:06:51
300,Model-S,inactive,42.413539,-78.894233,300,2025-04-04 01:03:58
301,Model-S,active,42.105038,-78.615238,301,2025-04-06 05:03:19
302,Model-S,inactive,42.468745,-78.716736,302,2025-04-12 06:14:51
303,Model-3,inactive,42.123595,-78.917132,303,2025-04-14 12:13:13
304,Model-3,active,42.215276,-78.394125,304,2025-04-04 08:23:30
305,Model-Y,inactive,42.207753,-78.581985,305,2025-04-11 09:53:45
306,Model-Y,active,42.18226,-78.893433,306,2025-04-04 22:34:22
307,Model-X,inactive,42.372219,-78.434925,307,2025-04-08 06:24:13
308,Model-X,inactive,42.204267,-78.996768,308,2025-04-10 11:47:05
309,Model-Y,active,42.169612,-78.339713,309,2025-04-07 12:26:32
310,Model-Y,active,42.211623,-78.899791,310,2025-04-07 20:02:20
311,Model-X,active,42.512454,-78.308362,311,2025-04-17 23:59:00
312,Model-S,active,42.302501,-78.31629,312,2025-04-10 20:51:33
313,Model-3,active,42.673103,-78.049793,313,2025-04-12 03:57:34
314,Model-S,inactive,42.234973,-78.824631,314,2025-04-04 03:32:32
315,Model-3,inactive,42.310422,-78.164204,315,2025-04-13 10:12:39
316,Model-S,active,42.063205,-78.770815,316,2025-04-02 09:28:09
317,Model-S,inactive,42.486788,-78.498956,317,2025-04-14 03:09:13
318,Model-3,active,42.137961,-78.792846,318,2025-04-03 07:12:59
319,Model-X,maintenance,42.942337,-78.901425,319,2025-04-09 23:00:08
320,Model-Y,maintenance,42.66798,-78.771729,320,2025-04-13 05:17:03
321,Model-S,active,42.00412,-78.06409,321,2025-04-01 05:21:48
322,Model-Y,active,42.725778,-78.934961,322,2025-04-16 05:13:05
323,Model-3,active,42.295729,-78.75994,323,2025-04-11 17:22:52
324,Model-Y,active,42.329192,-78.71459,324,2025-04-10 22:18:58
325,Model-X,inactive,42.865067,-78.337781,325,2025-04-16 14:36:24
326,Model-X,active,42.757888,-78.160163,326,2025-04-05 00:11:59
327,Model-3,active,42.956413,-78.295636,327,2025-04-12 07:35:25
328,Model-Y,active,42.891811,-78.206351,328,2025-04-16 10:41:15
329,Model-X,active,42.656494,-78.893066,329,2025-04-01 23:00:41
330,Model-3,active,42.206091,-78.970402,330,2025-04-05 13:38:51
331,Model-S,active,42.143425,-78.341444,331,2025-04-09 01:37:28
332,Model-Y,active,42.845923,-78.226907,332,2025-04-16 04:34:31
333,Model-X,active,42.657932,-78.652839,333,2025-04-03 23:44:29
334,Model-3,active,42.026675,-78.655032,334,2025-04-02 18:14:08
335,Model-S,inactive,42.655766,-78.003364,335,2025-04-04 17:52:35
336,Model-Y,inactive,42.343647,-78.862625,336,2025-04-10 11:03:07
337,Model-S,inactive,42.173143,-78.07494,337,2025-04-13 14:55:16
338,Model-S,active,42.808158,-78.260034,338,2025-04-03 10:50:01
339,Model-3,maintenance,42.576588,-78.242013,339,2025-04-08 09:37:55
340,Model-S,inactive,42.568697,-78.751883,340,2025-04-11 04:36:22
341,Model-3,active,42.537718,-78.958131,341,2025-04-16 03:16:36
342,Model-X,inactive,42.002965,-78.491398,342,2025-04-05 19:45:28
343,Model-Y,maintenance,42.303237,-78.336623,343,2025-04-13 11:00:09
344,Model-3,maintenance,42.918882,-78.260489,344,2025-04-14 02:53:16
345,Model-3,inactive,42.915598,-78.452233,345,2025-04-04 11:06:46
346,Model-S,inactive,42.451548,-78.615719,346,2025-04-15 17:23:30
347,Model-3,inactive,42.964478,-78.631262,347,2025-04-13 23:26:14
348,Model-S,active,42.66444,-78.697844,348,2025-04-12 11:20:35
349,Model-S,maintenance,42.935502,-78.126826,349,2025-04-06 15:38:13
350,Model-X,maintenance,42.653795,-78.880864,350,2025-04-14 05:07:57
351,Model-Y,active,42.387952,-78.855967,351,2025-04-16 15:48:04
352,Model-Y,active,42.587596,-78.985797,352,2025-04-04 07:35:15
353,Model-X,inactive,42.006341,-78.617985,353,2025-04-08 09:52:19
354,Model-3,active,42.477135,-78.166634,354,2025-04-12 21:34:31
355,Model-Y,inactive,42.861399,-78.084197,355,2025-04-09 05:38:53
356,Model-X,active,42.470474,-78.751843,356,2025-04-03 03:49:19
357,Model-S,maintenance,42.730539,-78.370392,357,2025-04-06 23:24:57
358,Model-X,active,42.380579,-78.912123,358,2025-04-12 05:52:21
359,Model-3,maintenance,42.315669,-78.945569,359,2025-04-16 20:08:54
360,Model-Y,inactive,42.136019,-78.987662,360,2025-04-06 17:45:10
361,Model-X,maintenance,42.06922,-78.112001,361,2025-04-05 20:00:25
362,Model-S,maintenance,42.925622,-78.449117,362,2025-04-13 14:50:41
363,Model-S,active,42.314414,-78.618848,363,2025-04-03 11:44:08
364,Model-S,maintenance,42.909261,-78.983444,364,2025-04-05 21:13:47
365,Model-Y,maintenance,42.857058,-78.324337,365,2025-04-11 02:10:28
366,Model-S,active,42.478581,-78.387346,366,2025-04-11 06:16:54
367,Model-Y,active,42.293997,-78.557586,367,2025-04-12 04:20:15
368,Model-Y,maintenance,42.767842,-78.107123,368,2025-04-11 14:50:46
369,Model-3,maintenance,42.475421,-78.994226,369,2025-04-07 11:30:31
370,Model-S,active,42.413994,-78.242841,370,2025-04-08 14:36:58
371,Model-Y,inactive,42.952248,-78.252781,371,2025-04-09 12:42:58
372,Model-X,active,42.225077,-78.182401,372,2025-04-01 14:08:32
373,Model-3,inactive,42.13817,-78.529169,373,2025-04-12 04:20:56
374,Model-S,active,42.628715,-78.685682,374,2025-04-07 10:53:35
375,Model-Y,inactive,42.286594,-78.532867,375,2025-04-13 21:32:19
376,Model-S,inactive,42.955271,-78.699507,376,2025-04-02 01:15:31
377,Model-Y,active,42.076739,-78.649664,377,2025-04-13 05:27:16
378,Model-S,active,42.162678,-78.639128,378,2025-04-11 08:30:55
379,Model-Y,active,42.23736,-78.713464,379,2025-04-09 08:19:22
380,Model-Y,maintenance,42.802245,-78.714902,380,2025-04-13 10:05:00
381,Model-S,active,42.538182,-78.732051,381,2025-04-04 02:01:10
382,Model-Y,active,42.177417,-78.290125,382,2025-04-01 04:38:55
383,Model-S,maintenance,42.633207,-78.007341,383,2025-04-13 16:18:03
384,Model-Y,inactive,42.173085,-78.974155,384,2025-04-09 21:33:15
385,Model-X,active,42.280852,-78.250847,385,2025-04-14 19:20:59
386,Model-S,active,42.87176,-78.246529,386,2025-04-01 18:41:45
387,Model-S,inactive,42.187666,-78.543429,387,2025-04-15 00:37:00
388,Model-X,inactive,42.623328,-78.068011,388,2025-04-04 16:39:05
389,Model-Y,inactive,42.05986,-78.146997,389,2025-04-17 15:01:56
390,Model-S,inactive,42.625358,-78.093964,390,2025-04-07 15:19:46
391,Model-X,active,42.460335,-78.451854,391,2025-04-06 11:03:33
392,Model-3,active,42.802197,-78.083419,392,2025-04-08 10:52:32
393,Model-S,inactive,42.446109,-78.878949,393,2025-04-14 15:44:57
394,Model-S,inactive,42.099792,-78.334922,394,2025-04-02 08:47:14
395,Model-S,maintenance,42.5934,-78.232045,395,2025-04-01 09:51:11
396,Model-X,active,42.295246,-78.393159,396,2025-04-15 00:16:54
397,Model-3,active,42.538887,-78.119255,397,2025-04-09 13:50:14
398,Model-3,active,42.470301,-78.772327,398,2025-04-09 19:54:22
399,Model-X,inactive,42.543026,-78.859029,399,2025-04-14 03:41:26
400,Model-X,maintenance,42.541826,-78.077224,400,2025-04-15 01:40:37
401,Model-S,maintenance,42.019859,-78.90028,401,2025-04-07 18:10:10
402,Model-Y,active,42.022963,-78.226882,402,2025-04-17 04:35:41
403,Model-3,maintenance,42.792036,-78.963337,403,2025-04-12 02:45:12
404,Model-X,maintenance,42.137869,-78.624677,404,2025-04-17 23:51:55
405,Model-X,inactive,42.93616,-78.700404,405,2025-04-02 01:11:50
406,Model-Y,inactive,42.432259,-78.730271,406,2025-04-09 10:21:09
407,Model-S,active,42.128066,-78.121677,407,2025-04-03 14:57:42
408,Model-Y,maintenance,42.853982,-78.027152,408,2025-04-16 04:31:12
409,Model-3,active,42.284347,-78.671941,409,2025-04-05 00:54:19
410,Model-Y,inactive,42.669,-78.738219,410,2025-04-01 23:04:51
411,Model-S,active,42.842812,-78.741501,411,2025-04-17 09:51:25
412,Model-Y,maintenance,42.928556,-78.777116,412,2025-04-15 14:07:04
413,Model-3,active,42.91352,-78.440247,413,2025-04-06 03:02:18
414,Model-Y,inactive,42.87576,-78.219895,414,2025-04-09 14:16:29
415,Model-S,maintenance,42.713195,-78.102174,415,2025-04-11 10:39:04
416,Model-S,active,42.098691,-78.502574,416,2025-04-07 00:56:55
417,Model-S,inactive,42.237225,-78.461972,417,2025-04-09 13:12:36
418,Model-Y,maintenance,42.555798,-78.738014,418,2025-04-12 11:05:06
419,Model-3,inactive,42.895355,-78.673451,419,2025-04-02 17:29:30
420,Model-X,inactive,42.830241,-78.122241,420,2025-04-03 05:33:07
421,Model-S,maintenance,42.207765,-78.775277,421,2025-04-10 23:27:43
422,Model-S,maintenance,42.414492,-78.606212,422,2025-04-01 08:26:55
423,Model-Y,active,42.341717,-78.45041,423,2025-04-09 05:00:04
424,Model-X,inactive,42.324524,-78.215753,424,2025-04-04 10:00:59
425,Model-Y,inactive,42.715345,-78.845378,425,2025-04-10 22:19:23
426,Model-3,maintenance,42.730772,-78.993413,426,2025-04-05 00:10:26
427,Model-S,maintenance,42.626346,-78.425057,427,2025-04-09 10:57:07
428,Model-3,maintenance,42.427221,-78.549642,428,2025-04-01 21:28:53
429,Model-Y,inactive,42.779633,-78.944199,429,2025-04-07 09:25:10
430,Model-X,maintenance,42.985025,-78.387307,430,2025-04-11 06:02:34
431,Model-Y,maintenance,42.850597,-78.809219,431,2025-04-07 14:42:49
432,Model-X,active,42.844009,-78.748429,432,2025-04-14 06:43:48
433,Model-3,inactive,42.717548,-78.585975,433,2025-04-15 15:46:45
434,Model-S,maintenance,42.541619,-78.308587,434,2025-04-03 01:02:16
435,Model-3,maintenance,42.817179,-78.911745,435,2025-04-02 00:18:39
436,Model-3,maintenance,42.97052,-78.730474,436,2025-04-11 01:25:42
437,Model-X,inactive,42.109413,-78.245151,437,2025-04-06 08:19:37
438,Model-S,inactive,42.727857,-78.360017,438,2025-04-16 21:46:40
439,Model-3,active,42.99442,-78.603811,439,2025-04-12 16:01:25
440,Model-S,inactive,42.887214,-78.752027,440,2025-04-13 22:54:32
441,Model-Y,maintenance,42.479879,-78.962684,441,2025-04-07 21:55:21
442,Model-3,maintenance,42.620933,-78.820511,442,2025-04-05 17:08:02
443,Model-3,maintenance,42.744119,-78.46283,443,2025-04-02 01:27:38
444,Model-S,inactive,42.475031,-78.186977,444,2025-04-09 08:13:46
445,Model-Y,inactive,42.111973,-78.812041,445,2025-04-07 13:54:46
446,Model-Y,maintenance,42.659872,-78.062248,446,2025-04-12 21:59:07
447,Model-S,maintenance,42.251291,-78.051123,447,2025-04-10 21:53:20
448,Model-S,inactive,42.755414,-78.449328,448,2025-04-01 18:58:07
449,Model-S,inactive,42.19188,-78.034275,449,2025-04-07 14:19:47
450,Model-3,inactive,42.237588,-78.795779,450,2025-04-13 19:15:11
451,Model-3,maintenance,42.723264,-78.507749,451,2025-04-01 21:11:22
452,Model-S,active,42.232396,-78.653637,452,2025-04-13 22:36:08
453,Model-Y,maintenance,42.460007,-78.16106,453,2025-04-01 01:58:22
454,Model-X,active,42.017951,-78.038316,454,2025-04-01 15:28:33
455,Model-3,inactive,42.189303,-78.35116,455,2025-04-06 07:25:54
456,Model-S,active,42.852962,-78.65694,456,2025-04-13 04:41:14
457,Model-3,maintenance,42.90208,-78.915436,457,2025-04-12 20:34:23
458,Model-S,maintenance,42.02926,-78.722592,458,2025-04-17 17:08:55
459,Model-S,active,42.601915,-78.922176,459,2025-04-16 14:49:47
460,Model-S,active,42.295422,-78.388019,460,2025-04-12 06:55:38
461,Model-X,active,42.36649,-78.054004,461,2025-04-02 22:11:43
462,Model-X,active,42.776951,-78.738662,462,2025-04-03 06:30:41
463,Model-X,inactive,42.220875,-78.998703,463,2025-04-07 01:36:37
464,Model-X,inactive,42.034398,-78.345441,464,2025-04-07 19:21:11
465,Model-X,active,42.260153,-78.045214,465,2025-04-03 21:38:51
466,Model-3,active,42.628796,-78.211033,466,2025-04-17 19:54:48
467,Model-X,active,42.661571,-78.70329,467,2025-04-15 00:17:53
468,Model-3,maintenance,42.7098,-78.741253,468,2025-04-13 13:13:37
469,Model-Y,active,42.873232,-78.109032,469,2025-04-16 09:16:54
470,Model-X,active,42.553982,-78.517332,470,2025-04-10 00:10:15
471,Model-Y,inactive,42.701925,-78.976017,471,2025-04-04 21:27:01
472,Model-X,inactive,42.268862,-78.011749,472,2025-04-05 09:42:13
473,Model-S,maintenance,42.408552,-78.186122,473,2025-04-03 15:03:31
474,Model-Y,maintenance,42.055024,-78.022315,474,2025-04-17 12:08:31
475,Model-3,active,42.056669,-78.978995,475,2025-04-17 03:19:45
476,Model-S,active,42.028408,-78.319377,476,2025-04-04 19:14:11
477,Model-Y,inactive,42.109481,-78.387531,477,2025-04-15 04:41:12
478,Model-Y,maintenance,42.307681,-78.623358,478,2025-04-06 22:18:40
479,Model-X,maintenance,42.190916,-78.664618,479,2025-04-16 22:29:56
480,Model-S,maintenance,42.30627,-78.277656,480,2025-04-17 16:07:15
481,Model-S,maintenance,42.928126,-78.440986,481,2025-04-17 04:20:31
482,Model-3,active,42.247798,-78.199073,482,2025-04-05 14:06:56
483,Model-X,maintenance,42.065608,-78.304505,483,2025-04-10 21:28:39
484,Model-Y,maintenance,42.416385,-78.161289,484,2025-04-13 11:29:46
485,Model-3,active,42.27179,-78.281359,485,2025-04-01 21:54:21
486,Model-Y,inactive,42.671248,-78.52684,486,2025-04-16 12:03:43
487,Model-3,inactive,42.917405,-78.344658,487,2025-04-11 13:35:37
488,Model-3,active,42.009737,-78.566162,488,2025-04-07 21:11:07
489,Model-3,inactive,42.169105,-78.303164,489,2025-04-16 16:16:56
490,Model-X,active,42.613657,-78.212697,490,2025-04-17 16:13:43
491,Model-S,maintenance,42.597132,-78.454686,491,2025-04-08 17:42:35
492,Model-S,inactive,42.682292,-78.754051,492,2025-04-03 00:44:25
493,Model-S,maintenance,42.750124,-78.642886,493,2025-04-10 04:27:19
494,Model-S,maintenance,42.456589,-78.944667,494,2025-04-08 18:47:58
495,Model-X,maintenance,42.273543,-78.55628,495,2025-04-04 11:19:54
496,Model-Y,maintenance,42.244104,-78.059953,496,2025-04-10 02:08:44
497,Model-X,maintenance,42.668694,-78.394952,497,2025-04-16 09:59:40
498,Model-X,maintenance,42.928618,-78.644347,498,2025-04-02 01:15:14
499,Model-3,maintenance,42.596407,-78.415683,499,2025-04-02 10:22:14
500,Model-X,maintenance,42.484645,-78.318352,500,2025-04-03 07:33:57
501,Model-X,maintenance,42.958152,-78.091941,501,2025-04-10 14:18:20
502,Model-S,maintenance,42.10493,-78.462728,502,2025-04-16 04:15:56
503,Model-3,maintenance,42.787512,-78.35196,503,2025-04-03 06:30:02
504,Model-3,inactive,42.312101,-78.313804,504,2025-04-08 12:20:48
505,Model-3,inactive,42.334245,-78.496859,505,2025-04-05 23:12:12
506,Model-3,inactive,42.448689,-78.637969,506,2025-04-07 05:43:01
507,Model-Y,maintenance,42.55568,-78.704955,507,2025-04-14 05:57:50
508,Model-S,inactive,42.933316,-78.140485,508,2025-04-09 13:07:05
509,Model-Y,active,42.309959,-78.285068,509,2025-04-02 20:32:18
510,Model-Y,inactive,42.396248,-78.382855,510,2025-04-06 19:34:36
511,Model-3,inactive,42.163607,-78.067813,511,2025-04-09 09:37:15
512,Model-X,maintenance,42.832482,-78.463627,512,2025-04-13 19:30:25
513,Model-3,maintenance,42.246882,-78.232309,513,2025-04-14 06:03:46
514,Model-X,inactive,42.128324,-78.961072,514,2025-04-10 19:09:53
515,Model-3,inactive,42.50733,-78.491269,515,2025-04-13 11:38:06
516,Model-X,maintenance,42.115462,-78.06028,516,2025-04-06 13:39:44
517,Model-X,inactive,42.86663,-78.374055,517,2025-04-10 08:58:33
518,Model-S,active,42.50288,-78.798213,518,2025-04-17 17:14:32
519,Model-X,inactive,42.178988,-78.884808,519,2025-04-02 20:44:32
520,Model-3,maintenance,42.017547,-78.522732,520,2025-04-08 18:00:22
521,Model-3,inactive,42.912251,-78.235536,521,2025-04-14 19:53:38
522,Model-S,maintenance,42.401195,-78.803453,522,2025-04-02 13:47:16
523,Model-S,inactive,42.139601,-78.333965,523,2025-04-06 21:52:45
524,Model-Y,maintenance,42.548898,-78.429135,524,2025-04-06 10:06:06
525,Model-Y,maintenance,42.066112,-78.954875,525,2025-04-05 04:03:41
526,Model-S,inactive,42.943489,-78.544523,526,2025-04-17 03:54:45
527,Model-X,maintenance,42.648029,-78.912215,527,2025-04-14 20:21:53
528,Model-Y,maintenance,42.606862,-78.27739,528,2025-04-05 03:13:25
529,Model-S,maintenance,42.173466,-78.98452,529,2025-04-15 09:15:31
530,Model-S,inactive,42.669724,-78.215868,530,2025-04-04 23:05:55
531,Model-3,maintenance,42.592625,-78.307636,531,2025-04-16 19:51:37
532,Model-3,active,42.492369,-78.17414,532,2025-04-14 10:35:54
533,Model-S,maintenance,42.289946,-78.87801,533,2025-04-15 14:49:46
534,Model-3,maintenance,42.217088,-78.590954,534,2025-04-10 19:19:30
535,Model-3,maintenance,42.920119,-78.409667,535,2025-04-07 02:14:26
536,Model-Y,inactive,42.905824,-78.49584,536,2025-04-10 06:08:05
537,Model-S,inactive,42.859162,-78.262491,537,2025-04-06 02:03:38
538,Model-3,active,42.075379,-78.783459,538,2025-04-11 02:46:51
539,Model-Y,maintenance,42.346124,-78.4079,539,2025-04-09 18:07:13
540,Model-X,inactive,42.46326,-78.317344,540,2025-04-13 08:06:13
541,Model-X,active,42.508795,-78.810715,541,2025-04-05 19:25:43
542,Model-3,inactive,42.760688,-78.275404,542,2025-04-12 18:01:26
543,Model-Y,maintenance,42.378565,-78.710381,543,2025-04-17 04:58:27
544,Model-Y,inactive,42.103313,-78.931238,544,2025-04-07 19:49:03
545,Model-S,inactive,42.065865,-78.902146,545,2025-04-11 11:26:29
546,Model-X,maintenance,42.394447,-78.462615,546,2025-04-07 05:08:00
547,Model-Y,maintenance,42.248529,-78.664796,547,2025-04-15 09:47:07
548,Model-S,active,42.209847,-78.293827,548,2025-04-06 11:07:30
549,Model-3,inactive,42.008723,-78.950848,549,2025-04-03 17:17:20
550,Model-Y,maintenance,42.556051,-78.640096,550,2025-04-12 18:56:18
551,Model-3,active,42.045156,-78.339986,551,2025-04-01 22:09:38
552,Model-X,active,42.417691,-78.985502,552,2025-04-01 06:31:07
553,Model-S,inactive,42.476869,-78.003471,553,2025-04-04 11:55:59
554,Model-3,inactive,42.899621,-78.121157,554,2025-04-06 00:52:25
555,Model-3,active,42.06447,-78.41369,555,2025-04-09 11:26:04
556,Model-Y,active,42.032274,-78.751824,556,2025-04-06 03:30:39
557,Model-Y,inactive,42.439383,-78.500164,557,2025-04-12 09:05:00
558,Model-S,inactive,42.558356,-78.044824,558,2025-04-15 21:01:57
559,Model-X,maintenance,42.477311,-78.50159,559,2025-04-15 06:10:31
560,Model-Y,active,42.117938,-78.955295,560,2025-04-06 16:42:57
561,Model-Y,maintenance,42.851115,-78.405715,561,2025-04-07 08:23:47
562,Model-S,maintenance,42.060068,-78.988007,562,2025-04-16 09:28:55
563,Model-S,active,42.584813,-78.272195,563,2025-04-02 04:37:31
564,Model-3,maintenance,42.870445,-78.530346,564,2025-04-09 05:50:07
565,Model-S,inactive,42.673878,-78.57125,565,2025-04-06 15:35:43
566,Model-3,inactive,42.374283,-78.518868,566,2025-04-15 03:34:57
567,Model-S,active,42.638369,-78.724211,567,2025-04-15 16:02:40
568,Model-X,inactive,42.996143,-78.104274,568,2025-04-12 17:49:32
569,Model-S,inactive,42.708543,-78.143958,569,2025-04-04 15:13:49
570,Model-X,active,42.969219,-78.237121,570,2025-04-17 09:56:02
571,Model-X,inactive,42.08077,-78.35319,571,2025-04-14 19:56:05
572,Model-Y,active,42.315245,-78.822179,572,2025-04-02 12:24:23
573,Model-3,inactive,42.596808,-78.147759,573,2025-04-13 14:20:49
574,Model-Y,active,42.373057,-78.367675,574,2025-04-09 20:30:42
575,Model-Y,active,42.227987,-78.423294,575,2025-04-17 16:13:03
576,Model-3,inactive,42.483169,-78.277971,576,2025-04-04 00:45:52
577,Model-3,maintenance,42.321966,-78.752192,577,2025-04-02 22:12:00
578,Model-3,inactive,42.50851,-78.701023,578,2025-04-16 00:59:44
579,Model-X,active,42.114535,-78.17397,579,2025-04-06 23:32:31
580,Model-Y,inactive,42.681309,-78.389858,580,2025-04-13 19:11:11
581,Model-X,inactive,42.699187,-78.842613,581,2025-04-03 18:44:07
582,Model-S,inactive,42.270124,-78.332167,582,2025-04-14 03:54:37
583,Model-X,active,42.394238,-78.208864,583,2025-04-11 00:40:22
584,Model-3,maintenance,42.552633,-78.333518,584,2025-04-03 19:54:20
585,Model-Y,maintenance,42.383524,-78.524466,585,2025-04-09 21:46:56
586,Model-X,active,42.91786,-78.275864,586,2025-04-05 17:37:40
587,Model-S,active,42.280976,-78.260728,587,2025-04-12 08:25:35
588,Model-S,maintenance,42.859364,-78.998309,588,2025-04-06 11:45:42
589,Model-3,active,42.587313,-78.138854,589,2025-04-14 02:14:04
590,Model-X,active,42.003446,-78.504865,590,2025-04-13 09:44:51
591,Model-3,inactive,42.31939,-78.360951,591,2025-04-10 05:57:50
592,Model-S,maintenance,42.499231,-78.926186,592,2025-04-01 21:52:41
593,Model-Y,active,42.957688,-78.394689,593,2025-04-10 14:14:41
594,Model-3,maintenance,42.958044,-78.999113,594,2025-04-14 07:51:39
595,Model-3,active,42.843032,-78.361416,595,2025-04-11 00:15:32
596,Model-Y,inactive,42.072758,-78.347886,596,2025-04-08 12:58:42
597,Model-Y,inactive,42.272165,-78.342952,597,2025-04-02 17:42:47
598,Model-S,inactive,42.653506,-78.915295,598,2025-04-05 03:49:49
599,Model-3,maintenance,42.806742,-78.324289,599,2025-04-09 10:44:39
600,Model-3,active,42.394099,-78.27657,600,2025-04-11 04:47:21
601,Model-Y,inactive,42.0088,-78.585249,601,2025-04-11 16:53:32
602,Model-X,active,42.876815,-78.798956,602,2025-04-10 20:19:27
603,Model-S,maintenance,42.30815,-78.132987,603,2025-04-09 07:00:10
604,Model-X,maintenance,42.617519,-78.12546,604,2025-04-17 12:53:02
605,Model-X,maintenance,42.810226,-78.942989,605,2025-04-01 12:22:09
606,Model-X,inactive,42.389909,-78.428439,606,2025-04-14 08:41:24
607,Model-X,active,42.158441,-78.860614,607,2025-04-15 16:01:53
608,Model-X,inactive,42.640241,-78.581503,608,2025-04-11 17:50:03
609,Model-X,active,42.319282,-78.609206,609,2025-04-03 11:11:56
610,Model-X,inactive,42.921015,-78.636156,610,2025-04-03 17:57:02
611,Model-Y,maintenance,42.681722,-78.214529,611,2025-04-06 10:28:39
612,Model-Y,maintenance,42.996256,-78.11165,612,2025-04-04 23:27:28
613,Model-Y,maintenance,42.72987,-78.711167,613,2025-04-07 02:06:50
614,Model-S,inactive,42.518175,-78.683235,614,2025-04-06 16:30:49
615,Model-S,active,42.479468,-78.287874,615,2025-04-07 20:39:11
616,Model-X,active,42.425337,-78.131484,616,2025-04-05 07:07:50
617,Model-3,maintenance,42.988881,-78.212117,617,2025-04-12 17:41:10
618,Model-Y,active,42.596581,-78.267877,618,2025-04-03 00:41:40
619,Model-X,inactive,42.226097,-78.340362,619,2025-04-09 04:22:47
620,Model-3,active,42.864704,-78.145003,620,2025-04-14 04:59:11
621,Model-3,inactive,42.243893,-78.561376,621,2025-04-15 18:25:42
622,Model-3,active,42.546728,-78.109899,622,2025-04-06 21:37:22
623,Model-Y,inactive,42.202242,-78.96483,623,2025-04-08 10:00:26
624,Model-Y,maintenance,42.767065,-78.920726,624,2025-04-01 15:16:21
625,Model-X,maintenance,42.619677,-78.813427,625,2025-04-17 06:39:04
626,Model-Y,active,42.928593,-78.10304,626,2025-04-15 08:37:27
627,Model-Y,maintenance,42.38057,-78.719895,627,2025-04-08 22:19:40
628,Model-S,maintenance,42.766811,-78.252709,628,2025-04-09 05:07:30
629,Model-S,active,42.095494,-78.548122,629,2025-04-10 05:07:21
630,Model-Y,maintenance,42.734576,-78.107821,630,2025-04-07 10:31:31
631,Model-Y,active,42.864805,-78.458315,631,2025-04-10 15:27:49
632,Model-X,maintenance,42.217177,-78.644653,632,2025-04-07 09:17:49
633,Model-Y,active,42.036258,-78.299392,633,2025-04-16 21:11:47
634,Model-X,inactive,42.001133,-78.823711,634,2025-04-16 13:35:01
635,Model-Y,inactive,42.617704,-78.66533,635,2025-04-03 16:19:38
636,Model-X,inactive,42.932364,-78.738809,636,2025-04-01 00:45:18
637,Model-Y,inactive,42.089112,-78.130829,637,2025-04-06 08:47:25
638,Model-Y,active,42.463398,-78.823212,638,2025-04-01 08:26:11
639,Model-3,inactive,42.898663,-78.8198,639,2025-04-02 11:05:13
640,Model-3,inactive,42.327764,-78.577354,640,2025-04-10 06:08:52
641,Model-S,active,42.04342,-78.404181,641,2025-04-05 13:17:27
642,Model-S,maintenance,42.013086,-78.122344,642,2025-04-13 05:04:01
643,Model-Y,active,42.56457,-78.334788,643,2025-04-15 23:03:55
644,Model-3,maintenance,42.806852,-78.596826,644,2025-04-10 09:52:27
645,Model-S,inactive,42.49549,-78.589591,645,2025-04-12 17:30:40
646,Model-X,inactive,42.824356,-78.480873,646,2025-04-02 14:43:33
647,Model-X,maintenance,42.590823,-78.902155,647,2025-04-14 07:52:38
648,Model-Y,inactive,42.014971,-78.079972,648,2025-04-09 12:38:07
649,Model-Y,active,42.827449,-78.21843,649,2025-04-15 20:25:09
650,Model-3,inactive,42.184075,-78.498505,650,2025-04-07 14:11:44
651,Model-X,maintenance,42.338911,-78.657129,651,2025-04-07 11:38:48
652,Model-S,active,42.383552,-78.875268,652,2025-04-12 11:29:35
653,Model-S,maintenance,42.162136,-78.651465,653,2025-04-08 01:23:23
654,Model-X,maintenance,42.537223,-78.435852,654,2025-04-13 01:36:15
655,Model-X,inactive,42.521014,-78.092232,655,2025-04-04 05:01:10
656,Model-S,inactive,42.827672,-78.556216,656,2025-04-05 04:59:19
657,Model-3,inactive,42.328047,-78.554671,657,2025-04-13 20:10:42
658,Model-X,maintenance,42.946411,-78.322282,658,2025-04-11 07:40:12
659,Model-S,maintenance,42.76226,-78.541251,659,2025-04-08 13:11:29
660,Model-X,maintenance,42.903888,-78.833747,660,2025-04-03 00:17:53
661,Model-S,maintenance,42.132717,-78.306111,661,2025-04-10 04:09:40
662,Model-X,inactive,42.303628,-78.114579,662,2025-04-15 09:33:15
663,Model-3,maintenance,42.55256,-78.508841,663,2025-04-05 06:56:47
664,Model-S,active,42.133233,-78.234755,664,2025-04-06 10:32:02
665,Model-S,maintenance,42.30863,-78.214267,665,2025-04-13 17:21:52
666,Model-3,maintenance,42.773812,-78.858208,666,2025-04-08 07:37:00
667,Model-S,inactive,42.308243,-78.082525,667,2025-04-13 08:53:18
668,Model-Y,maintenance,42.230839,-78.329955,668,2025-04-05 02:52:15
669,Model-S,inactive,42.810099,-78.047019,669,2025-04-15 07:01:35
670,Model-X,inactive,42.554859,-78.530908,670,2025-04-02 01:19:52
671,Model-Y,active,42.55379,-78.266844,671,2025-04-03 08:39:53
672,Model-Y,inactive,42.551305,-78.453209,672,2025-04-14 15:48:25
673,Model-Y,active,42.131392,-78.568132,673,2025-04-17 17:01:22
674,Model-X,inactive,42.719089,-78.804898,674,2025-04-16 19:35:26
675,Model-X,inactive,42.946599,-78.119945,675,2025-04-12 14:58:30
676,Model-X,inactive,42.11837,-78.747618,676,2025-04-09 01:22:10
677,Model-Y,inactive,42.715325,-78.24241,677,2025-04-15 09:32:13
678,Model-Y,maintenance,42.503646,-78.128893,678,2025-04-05 07:29:11
679,Model-3,inactive,42.734294,-78.935491,679,2025-04-12 06:33:22
680,Model-S,maintenance,42.20174,-78.750674,680,2025-04-12 09:18:43
681,Model-X,inactive,42.992704,-78.356045,681,2025-04-01 18:01:07
682,Model-X,maintenance,42.603991,-78.139891,682,2025-04-15 10:30:17
683,Model-S,maintenance,42.773991,-78.284955,683,2025-04-09 15:35:12
684,Model-Y,inactive,42.12045,-78.150161,684,2025-04-06 00:52:38
685,Model-S,active,42.476455,-78.842961,685,2025-04-04 10:23:49
686,Model-Y,maintenance,42.128204,-78.636659,686,2025-04-06 09:40:20
687,Model-Y,active,42.791498,-78.708772,687,2025-04-16 19:57:50
688,Model-3,active,42.694565,-78.622145,688,2025-04-02 15:01:16
689,Model-X,maintenance,42.601621,-78.314092,689,2025-04-05 20:29:11
690,Model-3,active,42.905189,-78.462224,690,2025-04-04 02:56:17
691,Model-S,maintenance,42.078353,-78.018924,691,2025-04-13 13:00:04
692,Model-3,maintenance,42.388761,-78.723025,692,2025-04-01 06:54:22
693,Model-X,maintenance,42.129081,-78.838213,693,2025-04-01 05:28:28
694,Model-X,inactive,42.323693,-78.172382,694,2025-04-03 03:28:56
695,Model-S,inactive,42.316331,-78.762933,695,2025-04-09 20:07:03
696,Model-X,inactive,42.096239,-78.14009,696,2025-04-17 18:53:49
697,Model-S,inactive,42.031226,-78.134324,697,2025-04-04 13:11:02
698,Model-S,maintenance,42.432759,-78.648512,698,2025-04-14 10:35:48
699,Model-3,maintenance,42.505348,-78.943416,699,2025-04-03 11:12:21
700,Model-3,inactive,42.103157,-78.468985,700,2025-04-12 02:15:08
701,Model-3,inactive,42.176356,-78.755577,701,2025-04-15 00:45:22
702,Model-Y,active,42.080058,-78.421949,702,2025-04-13 12:13:51
703,Model-3,active,42.561696,-78.00415,703,2025-04-17 05:28:25
704,Model-3,inactive,42.461181,-78.372828,704,2025-04-13 21:18:25
705,Model-Y,maintenance,42.163226,-78.917478,705,2025-04-12 12:57:38
706,Model-Y,inactive,42.43696,-78.627723,706,2025-04-11 21:07:56
707,Model-X,active,42.679701,-78.08162,707,2025-04-11 13:38:25
708,Model-Y,maintenance,42.021781,-78.985313,708,2025-04-03 16:28:18
709,Model-X,maintenance,42.141953,-78.853815,709,2025-04-17 07:08:25
710,Model-Y,active,42.772003,-78.784954,710,2025-04-10 16:06:16
711,Model-S,maintenance,42.104301,-78.082457,711,2025-04-07 20:37:43
712,Model-S,maintenance,42.605943,-78.971007,712,2025-04-05 02:52:10
713,Model-Y,inactive,42.403953,-78.642476,713,2025-04-03 15:56:11
714,Model-3,inactive,42.861335,-78.800828,714,2025-04-16 15:41:08
715,Model-3,maintenance,42.68878,-78.0671,715,2025-04-16 09:17:19
716,Model-3,maintenance,42.060738,-78.524443,716,2025-04-06 07:56:54
717,Model-Y,maintenance,42.206693,-78.211982,717,2025-04-14 19:46:44
718,Model-S,active,42.682855,-78.184844,718,2025-04-09 00:52:42
719,Model-S,active,42.987774,-78.650367,719,2025-04-13 18:10:41
720,Model-3,active,42.561654,-78.863788,720,2025-04-01 13:51:14
721,Model-Y,maintenance,42.511081,-78.319902,721,2025-04-08 09:51:47
722,Model-Y,inactive,42.653621,-78.753884,722,2025-04-04 09:15:37
723,Model-Y,active,42.548406,-78.48125,723,2025-04-06 20:46:36
724,Model-S,maintenance,42.520478,-78.03549,724,2025-04-06 11:51:34
725,Model-S,maintenance,42.058782,-78.582807,725,2025-04-08 08:36:58
726,Model-X,active,42.782072,-78.542446,726,2025-04-05 22:33:26
727,Model-X,active,42.986162,-78.900047,727,2025-04-07 12:25:59
728,Model-Y,inactive,42.712738,-78.930822,728,2025-04-05 09:35:15
729,Model-Y,maintenance,42.131913,-78.289507,729,2025-04-10 03:25:16
730,Model-3,active,42.278418,-78.704199,730,2025-04-01 11:15:43
731,Model-S,inactive,42.647871,-78.524447,731,2025-04-10 17:19:47
732,Model-Y,maintenance,42.282525,-78.326343,732,2025-04-06 11:05:38
733,Model-Y,inactive,42.282635,-78.240409,733,2025-04-01 05:49:07
734,Model-S,maintenance,42.836783,-78.57298,734,2025-04-12 21:11:32
735,Model-X,maintenance,42.882002,-78.510096,735,2025-04-01 06:53:49
736,Model-S,inactive,42.943209,-78.167218,736,2025-04-11 13:50:53
737,Model-X,active,42.317802,-78.85938,737,2025-04-11 03:04:04
738,Model-X,inactive,42.458433,-78.885986,738,2025-04-12 04:14:36
739,Model-3,inactive,42.289291,-78.58736,739,2025-04-16 22:18:52
740,Model-S,active,42.428191,-78.966513,740,2025-04-12 17:52:30
741,Model-S,maintenance,42.448081,-78.63211,741,2025-04-10 01:29:02
742,Model-S,maintenance,42.139722,-78.647253,742,2025-04-17 15:27:57
743,Model-X,maintenance,42.630257,-78.430864,743,2025-04-07 21:04:49
744,Model-X,active,42.134448,-78.578343,744,2025-04-05 08:26:43
745,Model-X,maintenance,42.243811,-78.284888,745,2025-04-14 05:21:38
746,Model-3,inactive,42.568813,-78.291126,746,2025-04-06 10:26:27
747,Model-Y,inactive,42.837724,-78.45187,747,2025-04-11 11:34:03
748,Model-Y,active,42.660523,-78.868638,748,2025-04-01 04:24:05
749,Model-3,maintenance,42.525379,-78.572762,749,2025-04-15 10:41:12
750,Model-S,maintenance,42.637404,-78.199868,750,2025-04-03 22:26:35
751,Model-S,maintenance,42.180464,-78.631544,751,2025-04-08 23:36:34
752,Model-S,maintenance,42.72975,-78.544144,752,2025-04-13 19:05:51
753,Model-3,active,42.186424,-78.572513,753,2025-04-16 19:03:57
754,Model-Y,maintenance,42.344856,-78.094333,754,2025-04-16 05:37:58
755,Model-X,active,42.130861,-78.391113,755,2025-04-15 04:57:21
756,Model-X,inactive,42.967066,-78.700081,756,2025-04-04 04:33:50
757,Model-X,inactive,42.606172,-78.736263,757,2025-04-09 20:33:06
758,Model-S,maintenance,42.209807,-78.653726,758,2025-04-11 00:21:23
759,Model-Y,inactive,42.288334,-78.104246,759,2025-04-17 10:34:12
760,Model-S,inactive,42.072474,-78.488812,760,2025-04-05 20:53:44
761,Model-3,inactive,42.899284,-78.680048,761,2025-04-07 11:03:15
762,Model-S,inactive,42.859386,-78.088848,762,2025-04-15 11:16:07
763,Model-3,maintenance,42.400034,-78.600599,763,2025-04-07 06:40:11
764,Model-S,maintenance,42.613872,-78.657352,764,2025-04-17 14:24:10
765,Model-S,active,42.01897,-78.247486,765,2025-04-07 02:43:22
766,Model-Y,active,42.26569,-78.874886,766,2025-04-07 05:07:22
767,Model-X,inactive,42.295481,-78.477629,767,2025-04-11 15:06:18
768,Model-3,active,42.519859,-78.380254,768,2025-04-09 00:33:07
769,Model-3,maintenance,42.679808,-78.155997,769,2025-04-11 19:37:52
770,Model-3,active,42.889072,-78.905489,770,2025-04-11 12:16:20
771,Model-X,maintenance,42.376503,-78.75572,771,2025-04-05 10:14:05
772,Model-S,maintenance,42.004068,-78.459198,772,2025-04-11 12:54:13
773,Model-X,active,42.318888,-78.631842,773,2025-04-11 15:23:42
774,Model-Y,active,42.270115,-78.907546,774,2025-04-03 16:04:39
775,Model-Y,inactive,42.854511,-78.862032,775,2025-04-05 23:15:46
776,Model-S,inactive,42.229738,-78.8354,776,2025-04-05 14:33:01
777,Model-3,maintenance,42.173685,-78.737415,777,2025-04-15 02:02:27
778,Model-S,inactive,42.015947,-78.217212,778,2025-04-08 12:28:23
779,Model-S,maintenance,42.328404,-78.179096,779,2025-04-02 08:19:46
780,Model-3,active,42.944795,-78.507084,780,2025-04-16 13:38:39
781,Model-3,active,42.938213,-78.506919,781,2025-04-10 03:48:02
782,Model-Y,maintenance,42.656592,-78.736684,782,2025-04-08 05:10:51
783,Model-3,maintenance,42.901317,-78.146415,783,2025-04-06 01:38:16
784,Model-Y,active,42.463496,-78.461612,784,2025-04-10 18:23:10
785,Model-Y,maintenance,42.267067,-78.87118,785,2025-04-05 10:35:49
786,Model-Y,inactive,42.165539,-78.040815,786,2025-04-02 10:18:04
787,Model-Y,maintenance,42.423866,-78.500949,787,2025-04-11 02:38:27
788,Model-Y,maintenance,42.55796,-78.925233,788,2025-04-06 20:54:17
789,Model-X,active,42.168333,-78.396192,789,2025-04-02 12:58:25
790,Model-Y,inactive,42.455745,-78.658956,790,2025-04-16 12:05:45
791,Model-S,inactive,42.917576,-78.070014,791,2025-04-02 15:43:10
792,Model-Y,maintenance,42.795804,-78.979168,792,2025-04-07 16:17:11
793,Model-3,active,42.428063,-78.026418,793,2025-04-09 09:49:15
794,Model-X,active,42.060364,-78.258339,794,2025-04-06 23:08:02
795,Model-X,maintenance,42.347227,-78.613984,795,2025-04-10 01:14:16
796,Model-Y,active,42.991626,-78.60113,796,2025-04-10 09:48:19
797,Model-3,maintenance,42.456539,-78.146639,797,2025-04-03 09:16:30
798,Model-S,maintenance,42.361253,-78.517464,798,2025-04-03 21:24:12
799,Model-S,active,42.932002,-78.668808,799,2025-04-12 21:54:21
800,Model-3,inactive,42.20384,-78.21982,800,2025-04-13 14:21:40
801,Model-3,inactive,42.706477,-78.754016,801,2025-04-01 11:51:37
802,Model-X,inactive,42.695076,-78.948316,802,2025-04-09 23:19:20
803,Model-Y,inactive,42.656155,-78.496978,803,2025-04-01 10:59:10
804,Model-Y,maintenance,42.173874,-78.847233,804,2025-04-11 22:35:57
805,Model-S,inactive,42.377052,-78.747852,805,2025-04-07 01:19:37
806,Model-S,active,42.154854,-78.928001,806,2025-04-05 03:13:31
807,Model-3,active,42.11574,-78.903104,807,2025-04-01 23:35:03
808,Model-S,maintenance,42.560379,-78.206807,808,2025-04-01 21:39:26
809,Model-X,maintenance,42.449733,-78.645953,809,2025-04-11 04:56:34
810,Model-S,active,42.520565,-78.752994,810,2025-04-09 09:05:21
811,Model-Y,active,42.87658,-78.143801,811,2025-04-02 03:12:48
812,Model-S,active,42.884987,-78.222595,812,2025-04-14 02:20:23
813,Model-X,active,42.264044,-78.911125,813,2025-04-14 13:56:22
814,Model-Y,active,42.159267,-78.632668,814,2025-04-07 13:56:26
815,Model-3,inactive,42.338296,-78.571441,815,2025-04-17 11:26:33
816,Model-X,active,42.429996,-78.298897,816,2025-04-09 02:28:20
817,Model-3,inactive,42.254692,-78.246483,817,2025-04-01 18:42:37
818,Model-3,maintenance,42.689448,-78.762372,818,2025-04-06 18:47:30
819,Model-S,inactive,42.671797,-78.052147,819,2025-04-12 18:54:44
820,Model-3,inactive,42.692933,-78.496612,820,2025-04-02 12:16:23
821,Model-S,active,42.412627,-78.800831,821,2025-04-09 20:07:59
822,Model-Y,inactive,42.481541,-78.246301,822,2025-04-13 17:47:53
823,Model-S,inactive,42.957297,-78.587333,823,2025-04-07 21:23:41
824,Model-X,inactive,42.741826,-78.580432,824,2025-04-05 07:07:42
825,Model-Y,active,42.137151,-78.209318,825,2025-04-04 17:00:29
826,Model-3,active,42.446646,-78.650917,826,2025-04-14 13:41:23
827,Model-X,inactive,42.803012,-78.637829,827,2025-04-05 22:41:05
828,Model-3,inactive,42.93848,-78.189445,828,2025-04-14 02:53:45
829,Model-X,inactive,42.018092,-78.709556,829,2025-04-03 22:44:42
830,Model-S,inactive,42.941512,-78.632491,830,2025-04-04 19:21:31
831,Model-S,inactive,42.644206,-78.683247,831,2025-04-03 23:58:30
832,Model-S,active,42.996553,-78.678473,832,2025-04-09 19:29:46
833,Model-Y,maintenance,42.996892,-78.497501,833,2025-04-02 16:16:23
834,Model-3,active,42.733957,-78.248635,834,2025-04-16 16:39:37
835,Model-S,maintenance,42.571844,-78.349856,835,2025-04-15 13:01:29
836,Model-3,inactive,42.428487,-78.425403,836,2025-04-09 10:35:51
837,Model-X,maintenance,42.946692,-78.901822,837,2025-04-06 05:47:19
838,Model-X,maintenance,42.270044,-78.906201,838,2025-04-09 14:28:40
839,Model-Y,active,42.42618,-78.03563,839,2025-04-06 15:51:08
840,Model-S,maintenance,42.168687,-78.224337,840,2025-04-07 01:17:04
841,Model-Y,inactive,42.797047,-78.57893,841,2025-04-01 12:05:37
842,Model-X,active,42.464313,-78.956411,842,2025-04-10 03:15:45
843,Model-X,active,42.373074,-78.381115,843,2025-04-07 00:25:05
844,Model-X,active,42.090376,-78.539891,844,2025-04-03 06:59:26
845,Model-Y,maintenance,42.693338,-78.197377,845,2025-04-06 04:45:31
846,Model-Y,maintenance,42.397667,-78.666069,846,2025-04-03 10:05:20
847,Model-S,active,42.000517,-78.451674,847,2025-04-13 18:18:34
848,Model-S,maintenance,42.298625,-78.531958,848,2025-04-15 13:59:18
849,Model-Y,maintenance,42.870062,-78.365526,849,2025-04-11 10:15:29
850,Model-3,active,42.346035,-78.471371,850,2025-04-13 01:57:29
851,Model-Y,maintenance,42.291483,-78.539823,851,2025-04-09 02:48:01
852,Model-Y,active,42.350996,-78.922725,852,2025-04-06 18:37:34
853,Model-Y,inactive,42.427394,-78.051361,853,2025-04-11 04:56:25
854,Model-X,maintenance,42.939737,-78.575085,854,2025-04-12 02:08:55
855,Model-S,maintenance,42.552106,-78.805763,855,2025-04-01 21:10:11
856,Model-S,maintenance,42.743625,-78.498913,856,2025-04-14 03:13:29
857,Model-3,inactive,42.241891,-78.298653,857,2025-04-05 02:09:18
858,Model-Y,maintenance,42.779446,-78.788831,858,2025-04-16 04:43:22
859,Model-3,maintenance,42.071835,-78.557271,859,2025-04-15 21:21:21
860,Model-S,active,42.41612,-78.463565,860,2025-04-09 05:14:27
861,Model-X,inactive,42.243571,-78.170478,861,2025-04-01 07:03:50
862,Model-3,active,42.427818,-78.839251,862,2025-04-11 12:09:36
863,Model-3,inactive,42.130663,-78.22684,863,2025-04-01 15:16:08
864,Model-X,inactive,42.006711,-78.448715,864,2025-04-08 20:41:32
865,Model-X,maintenance,42.534957,-78.893028,865,2025-04-04 15:10:31
866,Model-X,inactive,42.007277,-78.019097,866,2025-04-08 22:34:15
867,Model-X,active,42.32065,-78.10899,867,2025-04-06 04:59:43
868,Model-Y,inactive,42.130908,-78.260273,868,2025-04-15 02:13:45
869,Model-X,active,42.190784,-78.095234,869,2025-04-03 17:52:29
870,Model-S,inactive,42.409046,-78.833715,870,2025-04-08 14:35:42
871,Model-S,maintenance,42.753988,-78.922048,871,2025-04-15 11:17:28
872,Model-3,inactive,42.713912,-78.814783,872,2025-04-01 18:19:00
873,Model-Y,inactive,42.609528,-78.840529,873,2025-04-05 06:12:13
874,Model-Y,maintenance,42.687557,-78.240912,874,2025-04-08 05:14:38
875,Model-3,maintenance,42.126678,-78.365753,875,2025-04-16 03:37:58
876,Model-Y,maintenance,42.870312,-78.333695,876,2025-04-06 12:10:59
877,Model-3,active,42.83581,-78.473106,877,2025-04-05 21:08:09
878,Model-S,inactive,42.554711,-78.806486,878,2025-04-10 22:07:30
879,Model-3,active,42.988492,-78.739398,879,2025-04-05 01:24:33
880,Model-S,inactive,42.270141,-78.84606,880,2025-04-10 22:48:02
881,Model-X,inactive,42.66188,-78.862156,881,2025-04-06 05:49:32
882,Model-S,inactive,42.151066,-78.660354,882,2025-04-01 09:17:15
883,Model-3,active,42.408271,-78.619977,883,2025-04-05 00:02:33
884,Model-X,active,42.896446,-78.980839,884,2025-04-17 13:37:07
885,Model-Y,inactive,42.372887,-78.932507,885,2025-04-03 23:00:31
886,Model-3,inactive,42.053242,-78.272072,886,2025-04-16 17:07:03
887,Model-X,active,42.362464,-78.804853,887,2025-04-10 19:04:56
888,Model-S,maintenance,42.633113,-78.040141,888,2025-04-10 02:16:58
889,Model-3,maintenance,42.298724,-78.063217,889,2025-04-07 13:17:37
890,Model-Y,inactive,42.021885,-78.495161,890,2025-04-16 09:41:44
891,Model-Y,maintenance,42.326194,-78.28253,891,2025-04-08 10:52:54
892,Model-3,maintenance,42.727176,-78.115515,892,2025-04-14 10:54:58
893,Model-S,active,42.967517,-78.772397,893,2025-04-06 23:03:47
894,Model-S,maintenance,42.990659,-78.918228,894,2025-04-14 08:32:41
895,Model-3,maintenance,42.301374,-78.426779,895,2025-04-04 09:25:02
896,Model-S,inactive,42.47227,-78.078247,896,2025-04-06 10:31:43
897,Model-Y,maintenance,42.60399,-78.629506,897,2025-04-05 00:24:33
898,Model-3,maintenance,42.653557,-78.53211,898,2025-04-07 21:28:39
899,Model-X,maintenance,42.592081,-78.693648,899,2025-04-12 21:53:05
900,Model-3,maintenance,42.15835,-78.51237,900,2025-04-17 18:53:30
901,Model-3,active,42.397253,-78.005343,901,2025-04-13 14:48:14
902,Model-X,maintenance,42.639045,-78.013531,902,2025-04-03 19:16:37
903,Model-X,inactive,42.434818,-78.949043,903,2025-04-11 08:22:01
904,Model-3,maintenance,42.700385,-78.735081,904,2025-04-01 23:06:03
905,Model-S,active,42.699837,-78.6872,905,2025-04-05 17:31:06
906,Model-S,active,42.345519,-78.388403,906,2025-04-07 19:34:51
907,Model-X,inactive,42.35979,-78.816294,907,2025-04-03 05:52:38
908,Model-S,maintenance,42.314821,-78.683992,908,2025-04-15 23:03:14
909,Model-Y,inactive,42.953954,-78.008742,909,2025-04-03 02:30:24
910,Model-X,maintenance,42.979405,-78.42961,910,2025-04-02 00:08:28
911,Model-Y,inactive,42.111344,-78.597918,911,2025-04-01 16:12:57
912,Model-Y,maintenance,42.679439,-78.55735,912,2025-04-17 09:31:58
913,Model-X,inactive,42.544321,-78.422059,913,2025-04-10 08:01:27
914,Model-3,active,42.892215,-78.647389,914,2025-04-07 07:45:20
915,Model-S,active,42.660197,-78.268926,915,2025-04-06 03:48:39
916,Model-X,inactive,42.011634,-78.22109,916,2025-04-13 04:46:01
917,Model-X,active,42.243911,-78.53235,917,2025-04-02 20:03:17
918,Model-S,active,42.90174,-78.214734,918,2025-04-04 05:01:58
919,Model-3,inactive,42.074928,-78.49825,919,2025-04-04 00:31:07
920,Model-Y,inactive,42.085231,-78.681347,920,2025-04-10 12:32:14
921,Model-Y,inactive,42.09153,-78.272194,921,2025-04-15 01:44:54
922,Model-S,active,42.398883,-78.67488,922,2025-04-05 20:28:35
923,Model-X,maintenance,42.272724,-78.193651,923,2025-04-14 08:03:27
924,Model-Y,maintenance,42.522733,-78.263359,924,2025-04-05 03:00:26
925,Model-Y,active,42.891408,-78.828762,925,2025-04-03 00:20:54
926,Model-3,active,42.220547,-78.958811,926,2025-04-01 15:35:38
927,Model-3,inactive,42.078884,-78.479998,927,2025-04-16 04:23:57
928,Model-Y,inactive,42.2969,-78.122127,928,2025-04-08 06:50:41
929,Model-X,maintenance,42.485983,-78.240261,929,2025-04-12 14:39:14
930,Model-Y,active,42.419274,-78.899128,930,2025-04-09 01:30:24
931,Model-S,active,42.00675,-78.937635,931,2025-04-17 23:59:22
932,Model-3,maintenance,42.176076,-78.412649,932,2025-04-03 18:47:33
933,Model-Y,maintenance,42.136899,-78.080455,933,2025-04-01 09:35:41
934,Model-S,maintenance,42.815694,-78.424998,934,2025-04-14 07:09:47
935,Model-X,maintenance,42.778619,-78.146999,935,2025-04-04 01:14:35
936,Model-Y,maintenance,42.727574,-78.493343,936,2025-04-14 21:32:24
937,Model-Y,maintenance,42.084893,-78.536563,937,2025-04-10 17:27:59
938,Model-3,inactive,42.967959,-78.99429,938,2025-04-08 13:19:09
939,Model-Y,maintenance,42.446381,-78.30038,939,2025-04-16 23:01:26
940,Model-S,maintenance,42.85439,-78.439215,940,2025-04-15 15:31:02
941,Model-3,inactive,42.849022,-78.918095,941,2025-04-14 05:23:20
942,Model-3,maintenance,42.796009,-78.861787,942,2025-04-04 06:15:03
943,Model-Y,maintenance,42.634997,-78.682644,943,2025-04-16 17:21:08
944,Model-3,maintenance,42.669967,-78.639575,944,2025-04-17 03:42:51
945,Model-Y,inactive,42.06299,-78.966466,945,2025-04-12 12:58:43
946,Model-3,active,42.371166,-78.748756,946,2025-04-17 19:23:09
947,Model-Y,inactive,42.830025,-78.093265,947,2025-04-11 01:53:04
948,Model-3,inactive,42.06054,-78.39893,948,2025-04-17 09:52:41
949,Model-S,inactive,42.686917,-78.631177,949,2025-04-02 22:53:24
950,Model-3,maintenance,42.240515,-78.277341,950,2025-04-06 15:00:51
951,Model-X,maintenance,42.464438,-78.126288,951,2025-04-07 06:13:41
952,Model-Y,maintenance,42.326047,-78.88376,952,2025-04-02 13:03:53
953,Model-3,active,42.808894,-78.882759,953,2025-04-06 17:46:06
954,Model-X,inactive,42.697816,-78.086137,954,2025-04-09 01:20:32
955,Model-S,maintenance,42.481016,-78.967185,955,2025-04-04 03:25:34
956,Model-X,inactive,42.856016,-78.52717,956,2025-04-05 19:37:30
957,Model-Y,maintenance,42.696134,-78.16383,957,2025-04-08 10:51:25
958,Model-Y,active,42.463117,-78.397696,958,2025-04-15 08:37:25
959,Model-X,inactive,42.653387,-78.059294,959,2025-04-08 23:15:51
960,Model-S,inactive,42.167671,-78.88573,960,2025-04-07 00:14:44
961,Model-3,maintenance,42.647759,-78.252985,961,2025-04-08 00:55:56
962,Model-3,maintenance,42.982841,-78.154169,962,2025-04-08 06:54:01
963,Model-Y,inactive,42.590521,-78.320694,963,2025-04-12 04:23:36
964,Model-X,maintenance,42.925154,-78.409397,964,2025-04-10 06:04:53
965,Model-Y,active,42.954882,-78.952222,965,2025-04-05 15:21:56
966,Model-X,active,42.174479,-78.477572,966,2025-04-13 02:25:40
967,Model-X,inactive,42.631922,-78.248506,967,2025-04-13 13:41:12
968,Model-S,maintenance,42.05107,-78.033032,968,2025-04-06 00:06:59
969,Model-3,maintenance,42.779893,-78.596464,969,2025-04-12 09:06:28
970,Model-Y,maintenance,42.443083,-78.964289,970,2025-04-07 18:14:53
971,Model-3,active,42.12922,-78.972448,971,2025-04-11 02:11:21
972,Model-Y,maintenance,42.096908,-78.260949,972,2025-04-01 18:23:32
973,Model-Y,inactive,42.722758,-78.526348,973,2025-04-14 12:41:07
974,Model-3,inactive,42.568541,-78.041303,974,2025-04-10 14:50:05
975,Model-S,inactive,42.125337,-78.031271,975,2025-04-16 19:33:11
976,Model-3,active,42.16149,-78.454858,976,2025-04-16 21:59:57
977,Model-Y,maintenance,42.750029,-78.846868,977,2025-04-15 05:34:16
978,Model-S,maintenance,42.796497,-78.507026,978,2025-04-08 17:33:31
979,Model-3,inactive,42.84997,-78.341304,979,2025-04-17 04:31:14
980,Model-3,inactive,42.743292,-78.704057,980,2025-04-04 15:21:29
981,Model-3,maintenance,42.707298,-78.57696,981,2025-04-12 11:11:44
982,Model-3,inactive,42.319859,-78.16709,982,2025-04-16 19:00:03
983,Model-3,active,42.309164,-78.273058,983,2025-04-11 02:49:23
984,Model-S,inactive,42.311949,-78.023475,984,2025-04-04 12:17:46
985,Model-3,active,42.971746,-78.207298,985,2025-04-05 18:10:17
986,Model-Y,inactive,42.22736,-78.995357,986,2025-04-16 16:25:56
987,Model-X,active,42.520774,-78.212669,987,2025-04-10 20:29:19
988,Model-3,active,42.283093,-78.182164,988,2025-04-07 14:55:14
989,Model-S,inactive,42.693156,-78.66821,989,2025-04-04 04:40:48
990,Model-X,inactive,42.855189,-78.536756,990,2025-04-06 19:20:34
991,Model-Y,inactive,42.827033,-78.713454,991,2025-04-03 00:08:52
992,Model-S,active,42.548311,-78.495392,992,2025-04-03 10:07:34
993,Model-Y,active,42.451783,-78.949542,993,2025-04-12 15:14:16
994,Model-Y,inactive,42.511076,-78.309974,994,2025-04-07 00:43:41
995,Model-S,active,42.680825,-78.718359,995,2025-04-07 06:20:52
996,Model-X,inactive,42.690084,-78.594998,996,2025-04-01 03:35:57
997,Model-S,maintenance,42.405174,-78.776423,997,2025-04-13 13:02:11
998,Model-S,active,42.756431,-78.038454,998,2025-04-06 03:40:34
999,Model-3,active,42.608901,-78.110616,999,2025-04-01 23:13:58
1000,Model-3,maintenance,42.392082,-78.906108,1000,2025-04-11 14:02:02
